X.AU,X,Y.AU,Y,D
Durres,P-14083,Durres,P-14122,4.4282530187647216e-4
Durres,P-14083,Durres,P-14123,0.030406199164412825
Durres,P-14083,Durres,P-14152,0.002031259174404736
Durres,P-14083,Durres,P-14161,0.01794585343399118
Durres,P-14083,Durres,P-1423,0.033452068129539075
Durres,P-14083,Durres,P-1425,0.01913226379464221
Durres,P-14083,Durres,P-14282,0.025801349950672528
Durres,P-14083,Durres,P-14292,0.010157540169091308
Durres,P-14083,Durres,P-1430,1.9917205812726956e-4
Durres,P-14083,Durres,P-14322,0.00794443089009687
Durres,P-14083,Durres,P-14371,0.00357993982979198
Durres,P-14083,Durres,P-1438,7.619435208810984e-4
Durres,P-14083,Durres,P-1440,0.005667537358603548
Durres,P-14083,Durres,P-14401,0.0238161863725433
Durres,P-14083,Durres,P-14492,0.05583348068287389
Durres,P-14083,Durres,P-1451,0.06863828204192891
Durres,P-14083,Durres,P-14701,0.010666939708672506
Durres,P-14083,Durres,P-14702,0.002075209773473429
Durres,P-14083,Durres,P-14704,9.553732145407478e-4
Durres,P-14083,Durres,P-14751,0.002888559595258192
Durres,P-14083,Durres,P-14831,0.002975926925822124
Durres,P-14083,Durres,P-14832,0.03310816555860269
Durres,P-14083,Durres,P-14841,0.003122512280900319
Durres,P-14083,Durres,P-14851,0.08752691689119704
Durres,P-14083,Durres,P-14881,0.08306513912079955
Durres,P-14083,Durres,P-14931,0.0017094731466445606
Durres,P-14083,Durres,P-1495,0.01773708999994749
Durres,P-14083,Durres,P-14961,0.008210917117682577
Durres,P-14083,Katund I ri,P-1528,0.09806399722460521
Durres,P-14083,Rashbull,P-1376,0.08057245747870775
Durres,P-14083,Rashbull,P-1379,0.017482557248849662
Durres,P-14083,Rashbull,P-13791,0.024597299599217172
Durres,P-14083,Rashbull,P-13801,0.018236400013669163
Durres,P-14122,Durres,P-14123,0.02516321840129036
Durres,P-14122,Durres,P-14152,0.004369655607332511
Durres,P-14122,Durres,P-14161,0.015772414812029175
Durres,P-14122,Durres,P-1423,0.029607521225698263
Durres,P-14122,Durres,P-1425,0.0166203520524234
Durres,P-14122,Durres,P-14282,0.020167701083566622
Durres,P-14122,Durres,P-14292,0.006779519171831614
Durres,P-14122,Durres,P-1430,0.0011634821197084007
Durres,P-14122,Durres,P-14322,0.007395435098978945
Durres,P-14122,Durres,P-14371,0.0017950221087258016
Durres,P-14122,Durres,P-1438,0.002212360037404366
Durres,P-14122,Durres,P-1440,0.0038052223737588364
Durres,P-14122,Durres,P-14401,0.02135826918666285
Durres,P-14122,Durres,P-14492,0.05088367344145073
Durres,P-14122,Durres,P-1451,0.06091228224433601
Durres,P-14122,Durres,P-14701,0.00734742149983662
Durres,P-14122,Durres,P-14702,0.0010751502388602575
Durres,P-14122,Durres,P-14704,0.0010305851996564885
Durres,P-14122,Durres,P-14751,0.0011744279707770421
Durres,P-14122,Durres,P-14831,0.0030325065636908656
Durres,P-14122,Durres,P-14832,0.026940226454615336
Durres,P-14122,Durres,P-14841,0.0012870577737219596
Durres,P-14122,Durres,P-14851,0.07950016163654187
Durres,P-14122,Durres,P-14881,0.07348527678590323
Durres,P-14122,Durres,P-14931,0.0038669192352231412
Durres,P-14122,Durres,P-1495,0.014111047833313954
Durres,P-14122,Durres,P-14961,0.005105348107507933
Durres,P-14122,Katund I ri,P-1528,0.09024566671125611
Durres,P-14122,Rashbull,P-1376,0.07097255824637819
Durres,P-14122,Rashbull,P-1379,0.012373206462872575
Durres,P-14122,Rashbull,P-13791,0.03125384090844566
Durres,P-14122,Rashbull,P-13801,0.014052605372725877
Durres,P-14123,Durres,P-14152,0.044174406406467415
Durres,P-14123,Durres,P-14161,0.005147613956679391
Durres,P-14123,Durres,P-1423,0.002744904119701257
Durres,P-14123,Durres,P-1425,0.004086146372766171
Durres,P-14123,Durres,P-14282,0.0016362272950722016
Durres,P-14123,Durres,P-14292,0.025965403173053618
Durres,P-14123,Durres,P-1430,0.03243607409218505
Durres,P-14123,Durres,P-14322,0.012701469175504625
Durres,P-14123,Durres,P-14371,0.013474801395081247
Durres,P-14123,Durres,P-1438,0.03455225649852352
Durres,P-14123,Durres,P-1440,0.0097641729210521
Durres,P-14123,Durres,P-14401,0.004914583951082317
Durres,P-14123,Durres,P-14492,0.007817593201946482
Durres,P-14123,Durres,P-1451,0.007570439950626013
Durres,P-14123,Durres,P-14701,0.005486905753480184
Durres,P-14123,Durres,P-14702,0.016498295455927167
Durres,P-14123,Durres,P-14704,0.022321163525501665
Durres,P-14123,Durres,P-14751,0.015852017944387377
Durres,P-14123,Durres,P-14831,0.018798590983599952
Durres,P-14123,Durres,P-14832,0.04198163873065043
Durres,P-14123,Durres,P-14841,0.015830472657766683
Durres,P-14123,Durres,P-14851,0.015438860377220257
Durres,P-14123,Durres,P-14881,0.012331436957168438
Durres,P-14123,Durres,P-14931,0.0415662629054422
Durres,P-14123,Durres,P-1495,0.001764810131575522
Durres,P-14123,Durres,P-14961,0.008505087314630917
Durres,P-14123,Katund I ri,P-1528,0.02137275684923457
Durres,P-14123,Rashbull,P-1376,0.011571874728321765
Durres,P-14123,Rashbull,P-1379,0.015257235529760308
Durres,P-14123,Rashbull,P-13791,0.10838056910817634
Durres,P-14123,Rashbull,P-13801,0.001631556830862236
Durres,P-14152,Durres,P-14161,0.02507226511625899
Durres,P-14152,Durres,P-1423,0.04403782696666853
Durres,P-14152,Durres,P-1425,0.02698456351532838
Durres,P-14152,Durres,P-14282,0.04057188400376773
Durres,P-14152,Durres,P-14292,0.02056575546346458
Durres,P-14152,Durres,P-1430,0.0010845146786257064
Durres,P-14152,Durres,P-14322,0.011721099196620548
Durres,P-14152,Durres,P-14371,0.010260588454181256
Durres,P-14152,Durres,P-1438,5.761515099423932e-4
Durres,P-14152,Durres,P-1440,0.012411546612119333
Durres,P-14152,Durres,P-14401,0.03147298158797171
Durres,P-14152,Durres,P-14492,0.06861460241697964
Durres,P-14152,Durres,P-1451,0.0874998470320483
Durres,P-14152,Durres,P-14701,0.020539896654309796
Durres,P-14152,Durres,P-14702,0.00706366524603835
Durres,P-14152,Durres,P-14704,0.003641281258256258
Durres,P-14152,Durres,P-14751,0.009468249516024041
Durres,P-14152,Durres,P-14831,0.005594951929363482
Durres,P-14152,Durres,P-14832,0.04970949238431103
Durres,P-14152,Durres,P-14841,0.00997241906262811
Durres,P-14152,Durres,P-14851,0.10688125834669109
Durres,P-14152,Durres,P-14881,0.10597618584212769
Durres,P-14152,Durres,P-14931,4.238644970843276e-5
Durres,P-14152,Durres,P-1495,0.028101646611293666
Durres,P-14152,Durres,P-14961,0.01770281318152201
Durres,P-14152,Katund I ri,P-1528,0.11686499161771924
Durres,P-14152,Rashbull,P-1376,0.10355878836223248
Durres,P-14152,Rashbull,P-1379,0.03147297439618989
Durres,P-14152,Rashbull,P-13791,0.013634787377897375
Durres,P-14152,Rashbull,P-13801,0.029855448452561613
Durres,P-14161,Durres,P-1423,0.0026128090602785432
Durres,P-14161,Durres,P-1425,6.310671746399214e-5
Durres,P-14161,Durres,P-14282,0.008733567499665687
Durres,P-14161,Durres,P-14292,0.027266114240805807
Durres,P-14161,Durres,P-1430,0.018079416526503723
Durres,P-14161,Durres,P-14322,0.0025340696018200676
Durres,P-14161,Durres,P-14371,0.00832355308724682
Durres,P-14161,Durres,P-1438,0.018418290826720127
Durres,P-14161,Durres,P-1440,0.004544238334736658
Durres,P-14161,Durres,P-14401,4.20411113685975e-4
Durres,P-14161,Durres,P-14492,0.010462794408172521
Durres,P-14161,Durres,P-1451,0.019437847612392464
Durres,P-14161,Durres,P-14701,0.005193005367009573
Durres,P-14161,Durres,P-14702,0.008632170866516131
Durres,P-14161,Durres,P-14704,0.010759419018993506
Durres,P-14161,Durres,P-14751,0.010620068305720895
Durres,P-14161,Durres,P-14831,0.0069886839977396625
Durres,P-14161,Durres,P-14832,0.053500452336152596
Durres,P-14161,Durres,P-14841,0.011045510917175538
Durres,P-14161,Durres,P-14851,0.027402617711647495
Durres,P-14161,Durres,P-14881,0.030184187779433963
Durres,P-14161,Durres,P-14931,0.023041177620683768
Durres,P-14161,Durres,P-1495,0.0018847690354906826
Durres,P-14161,Durres,P-14961,0.007764586087823715
Durres,P-14161,Katund I ri,P-1528,0.03212584687036765
Durres,P-14161,Rashbull,P-1376,0.02966549116821353
Durres,P-14161,Rashbull,P-1379,0.021965598500936816
Durres,P-14161,Rashbull,P-13791,0.07455692687433671
Durres,P-14161,Rashbull,P-13801,0.003813826713495851
Durres,P-1423,Durres,P-1425,0.0020277019186613733
Durres,P-1423,Durres,P-14282,0.008224961222417863
Durres,P-1423,Durres,P-14292,0.03860094260922227
Durres,P-1423,Durres,P-1430,0.03410867908455938
Durres,P-1423,Durres,P-14322,0.010317490501031142
Durres,P-1423,Durres,P-14371,0.017754295443110604
Durres,P-1423,Durres,P-1438,0.034888866208419925
Durres,P-1423,Durres,P-1440,0.012226705223323902
Durres,P-1423,Durres,P-14401,0.0012231121984767794
Durres,P-1423,Durres,P-14492,0.002802877886461789
Durres,P-1423,Durres,P-1451,0.008190248034328666
Durres,P-1423,Durres,P-14701,0.010188369309189758
Durres,P-1423,Durres,P-14702,0.01937823552203538
Durres,P-1423,Durres,P-14704,0.023537833800102756
Durres,P-1423,Durres,P-14751,0.02097507014487675
Durres,P-1423,Durres,P-14831,0.018083355189862194
Durres,P-1423,Durres,P-14832,0.0629401612248238
Durres,P-1423,Durres,P-14841,0.021331851734535598
Durres,P-1423,Durres,P-14851,0.012954880791094782
Durres,P-1423,Durres,P-14881,0.016288342104520768
Durres,P-1423,Durres,P-14931,0.0413188960181086
Durres,P-1423,Durres,P-1495,0.0036618114653037383
Durres,P-1423,Durres,P-14961,0.014392743375893342
Durres,P-1423,Katund I ri,P-1528,0.016312049485843083
Durres,P-1423,Rashbull,P-1376,0.01627799758898437
Durres,P-1423,Rashbull,P-1379,0.02798717812119634
Durres,P-1423,Rashbull,P-13791,0.10607047817298981
Durres,P-1423,Rashbull,P-13801,0.00544652189611664
Durres,P-1425,Durres,P-14282,0.007562537005064634
Durres,P-1425,Durres,P-14292,0.027050080749353105
Durres,P-1425,Durres,P-1430,0.01945707734869763
Durres,P-1425,Durres,P-14322,0.0032403340925102305
Durres,P-1425,Durres,P-14371,0.008629492603480195
Durres,P-1425,Durres,P-1438,0.0199734696942174
Durres,P-1425,Durres,P-1440,0.004794586123902265
Durres,P-1425,Durres,P-14401,3.5868694978795617e-4
Durres,P-1425,Durres,P-14492,0.009437626010509792
Durres,P-1425,Durres,P-1451,0.017431461507794357
Durres,P-1425,Durres,P-14701,0.004897211562459474
Durres,P-1425,Durres,P-14702,0.009232528311758782
Durres,P-1425,Durres,P-14704,0.011768617942177376
Durres,P-1425,Durres,P-14751,0.01096601006549128
Durres,P-1425,Durres,P-14831,0.007961588059934487
Durres,P-1425,Durres,P-14832,0.05228404567301259
Durres,P-1425,Durres,P-14841,0.011348197223086812
Durres,P-1425,Durres,P-14851,0.02526626361891029
Durres,P-1425,Durres,P-14881,0.02752694793009151
Durres,P-1425,Durres,P-14931,0.024877086864299496
Durres,P-1425,Durres,P-1495,0.001435567248226359
Durres,P-1425,Durres,P-14961,0.0075679289292515045
Durres,P-1425,Katund I ri,P-1528,0.030048896341476207
Durres,P-1425,Rashbull,P-1376,0.027005465999100607
Durres,P-1425,Rashbull,P-1379,0.02106622535412822
Durres,P-1425,Rashbull,P-13791,0.07823914686079761
Durres,P-1425,Rashbull,P-13801,0.0031705934975261125
Durres,P-14282,Durres,P-14292,0.016202637819072333
Durres,P-14282,Durres,P-1430,0.02859459630363879
Durres,P-14282,Durres,P-14322,0.014440937661499995
Durres,P-14282,Durres,P-14371,0.01008465081559384
Durres,P-14282,Durres,P-1438,0.03147636346638331
Durres,P-14282,Durres,P-1440,0.008211277783203543
Durres,P-14282,Durres,P-14401,0.009902893650837215
Durres,P-14282,Durres,P-14492,0.016536725977204944
Durres,P-14282,Durres,P-1451,0.01359485154972601
Durres,P-14282,Durres,P-14701,0.003302831326847875
Durres,P-14282,Durres,P-14702,0.013623090919278059
Durres,P-14282,Durres,P-14704,0.019897600548506547
Durres,P-14282,Durres,P-14751,0.011570688028643292
Durres,P-14282,Durres,P-14831,0.01827157687919646
Durres,P-14282,Durres,P-14832,0.027156249039532284
Durres,P-14282,Durres,P-14841,0.01131290589375492
Durres,P-14282,Durres,P-14851,0.024649609270918034
Durres,P-14282,Durres,P-14881,0.016925653743490005
Durres,P-14282,Durres,P-14931,0.03827447466622709
Durres,P-14282,Durres,P-1495,0.0025869092020400376
Durres,P-14282,Durres,P-14961,0.004957417006828562
Durres,P-14282,Katund I ri,P-1528,0.032805252470239625
Durres,P-14282,Rashbull,P-1376,0.01548413929912808
Durres,P-14282,Rashbull,P-1379,0.007219926189184992
Durres,P-14282,Rashbull,P-13791,0.10196331680270315
Durres,P-14282,Rashbull,P-13801,0.0011847042373275326
Durres,P-14292,Durres,P-1430,0.013198663864135443
Durres,P-14292,Durres,P-14322,0.02136273892065952
Durres,P-14292,Durres,P-14371,0.006581432988151771
Durres,P-14292,Durres,P-1438,0.016470892453181125
Durres,P-14292,Durres,P-1440,0.010422248706648539
Durres,P-14292,Durres,P-14401,0.03363463181166716
Durres,P-14292,Durres,P-14492,0.06050484354758816
Durres,P-14292,Durres,P-1451,0.059906002730137756
Durres,P-14292,Durres,P-14701,0.009187929433211905
Durres,P-14292,Durres,P-14702,0.008639228208445298
Durres,P-14292,Durres,P-14704,0.012124328624562771
Durres,P-14292,Durres,P-14751,0.005167551294220373
Durres,P-14292,Durres,P-14831,0.016179306862422856
Durres,P-14292,Durres,P-14832,0.006703480536070721
Durres,P-14292,Durres,P-14841,0.004676522930878797
Durres,P-14292,Durres,P-14851,0.08132250449004666
Durres,P-14292,Durres,P-14881,0.06583118976052803
Durres,P-14292,Durres,P-14931,0.019892051554052156
Durres,P-14292,Durres,P-1495,0.018468230196131454
Durres,P-14292,Durres,P-14961,0.006018315787215372
Durres,P-14292,Katund I ri,P-1528,0.0951758599109385
Durres,P-14292,Rashbull,P-1376,0.06248345692872859
Durres,P-14292,Rashbull,P-1379,0.00267578946059011
Durres,P-14292,Rashbull,P-13791,0.0567002527570693
Durres,P-14292,Rashbull,P-13801,0.015437510285262272
Durres,P-1430,Durres,P-14322,0.00756600196141307
Durres,P-1430,Durres,P-14371,0.004713372876161085
Durres,P-1430,Durres,P-1438,1.8217827573830184e-4
Durres,P-1430,Durres,P-1440,0.006525402294727969
Durres,P-1430,Durres,P-14401,0.023853134435885274
Durres,P-1430,Durres,P-14492,0.05648920240460394
Durres,P-1430,Durres,P-1451,0.07116149841703924
Durres,P-1430,Durres,P-14701,0.012377193911176825
Durres,P-1430,Durres,P-14702,0.0027186142386983613
Durres,P-1430,Durres,P-14704,9.703245057765422e-4
Durres,P-1430,Durres,P-14751,0.004138527791813777
Durres,P-1430,Durres,P-14831,0.0026758540269681387
Durres,P-1430,Durres,P-14832,0.0384440567148529
Durres,P-1430,Durres,P-14841,0.004475072612996615
Durres,P-1430,Durres,P-14851,0.08964647414065577
Durres,P-1430,Durres,P-14881,0.08676868953551556
Durres,P-1430,Durres,P-14931,8.028757712381217e-4
Durres,P-1430,Durres,P-1495,0.0190861242076659
Durres,P-1430,Durres,P-14961,0.010046353119805684
Durres,P-1430,Katund I ri,P-1528,0.09969160733653526
Durres,P-1430,Rashbull,P-1376,0.08440493364021834
Durres,P-1430,Rashbull,P-1379,0.021111926554113706
Durres,P-1430,Rashbull,P-13791,0.021899413073738175
Durres,P-1430,Rashbull,P-13801,0.02008782314492518
Durres,P-14322,Durres,P-14371,0.004227834014567292
Durres,P-14322,Durres,P-1438,0.007472447722115522
Durres,P-14322,Durres,P-1440,0.002143648688651121
Durres,P-14322,Durres,P-14401,0.004729267389130777
Durres,P-14322,Durres,P-14492,0.02318832129295771
Durres,P-14322,Durres,P-1451,0.03586462584174499
Durres,P-14322,Durres,P-14701,0.005443328249553318
Durres,P-14322,Durres,P-14702,0.0032461196034309003
Durres,P-14322,Durres,P-14704,0.0033892583987380105
Durres,P-14322,Durres,P-14751,0.005628559104719813
Durres,P-14322,Durres,P-14831,0.001241309521993774
Durres,P-14322,Durres,P-14832,0.04949607780173801
Durres,P-14322,Durres,P-14841,0.006123222856268618
Durres,P-14322,Durres,P-14851,0.04704505239174597
Durres,P-14322,Durres,P-14881,0.04936140633991395
Durres,P-14322,Durres,P-14931,0.010351274797278535
Durres,P-14322,Durres,P-1495,0.005282988488608791
Durres,P-14322,Durres,P-14961,0.006420784790308364
Durres,P-14322,Katund I ri,P-1528,0.053125967976978716
Durres,P-14322,Rashbull,P-1376,0.04833387365326684
Durres,P-14322,Rashbull,P-1379,0.021266720660375618
Durres,P-14322,Rashbull,P-13791,0.04921230898190973
Durres,P-14322,Rashbull,P-13801,0.007372023078991137
Durres,P-14371,Durres,P-1438,0.006108745550436351
Durres,P-14371,Durres,P-1440,5.67512050583978e-4
Durres,P-14371,Durres,P-14401,0.012394040510973857
Durres,P-14371,Durres,P-14492,0.03470434822901278
Durres,P-14371,Durres,P-1451,0.041553168851686924
Durres,P-14371,Durres,P-14701,0.0018904643941697954
Durres,P-14371,Durres,P-14702,3.508009827466042e-4
Durres,P-14371,Durres,P-14704,0.0019523068711622326
Durres,P-14371,Durres,P-14751,1.3980558031120947e-4
Durres,P-14371,Durres,P-14831,0.0025775469860316366
Durres,P-14371,Durres,P-14832,0.02521982800484251
Durres,P-14371,Durres,P-14841,1.9781059292421697e-4
Durres,P-14371,Durres,P-14851,0.05732345036553972
Durres,P-14371,Durres,P-14881,0.05173808551019153
Durres,P-14371,Durres,P-14931,0.009207579142925297
Durres,P-14371,Durres,P-1495,0.005962201444063889
Durres,P-14371,Durres,P-14961,0.0010059406278833797
Durres,P-14371,Katund I ri,P-1528,0.06687157743038183
Durres,P-14371,Rashbull,P-1376,0.0496733619532719
Durres,P-14371,Rashbull,P-1379,0.007786303082752386
Durres,P-14371,Rashbull,P-13791,0.0470153573820203
Durres,P-14371,Rashbull,P-13801,0.00578205037700877
Durres,P-1438,Durres,P-1440,0.007631330197201615
Durres,P-1438,Durres,P-14401,0.02407528066445619
Durres,P-1438,Durres,P-14492,0.05720314679169538
Durres,P-1438,Durres,P-1451,0.07364075198359789
Durres,P-1438,Durres,P-14701,0.014277287303981399
Durres,P-1438,Durres,P-14702,0.0036543224043985136
Durres,P-1438,Durres,P-14704,0.0013206530956750408
Durres,P-1438,Durres,P-14751,0.005658584011929903
Durres,P-1438,Durres,P-14831,0.002699427587122924
Durres,P-1438,Durres,P-14832,0.04392193851160582
Durres,P-1438,Durres,P-14841,0.006093931732185287
Durres,P-1438,Durres,P-14851,0.09169118979507741
Durres,P-1438,Durres,P-14881,0.09035798425508333
Durres,P-1438,Durres,P-14931,3.2516929404293094e-4
Durres,P-1438,Durres,P-1495,0.020594707047905957
Durres,P-1438,Durres,P-14961,0.012088563396488372
Durres,P-1438,Katund I ri,P-1528,0.10124055771636895
Durres,P-1438,Rashbull,P-1376,0.08812619434390126
Durres,P-1438,Rashbull,P-1379,0.024888920221343796
Durres,P-1438,Rashbull,P-13791,0.019839918834049005
Durres,P-1438,Rashbull,P-13801,0.022082423539995538
Durres,P-1440,Durres,P-14401,0.007665405131197945
Durres,P-1440,Durres,P-14492,0.02681271085052272
Durres,P-1440,Durres,P-1451,0.03427284425199468
Durres,P-1440,Durres,P-14701,0.0011825153841448534
Durres,P-1440,Durres,P-14702,8.869511271075718e-4
Durres,P-1440,Durres,P-14704,0.002597414836471739
Durres,P-1440,Durres,P-14751,0.0012694825536887552
Durres,P-1440,Durres,P-14831,0.0020740952295109985
Durres,P-1440,Durres,P-14832,0.031117264037793833
Durres,P-1440,Durres,P-14841,0.0014267076222924434
Durres,P-1440,Durres,P-14851,0.047996773926203336
Durres,P-1440,Durres,P-14881,0.04463765657005836
Durres,P-1440,Durres,P-14931,0.011108308191493412
Durres,P-1440,Durres,P-1495,0.00332906977456992
Durres,P-1440,Durres,P-14961,0.0011973068685778485
Durres,P-1440,Katund I ri,P-1528,0.056272558509495876
Durres,P-1440,Rashbull,P-1376,0.04297975673843411
Durres,P-1440,Rashbull,P-1379,0.009968466160440566
Durres,P-1440,Rashbull,P-13791,0.052358034332667516
Durres,P-1440,Rashbull,P-13801,0.003714308801332975
Durres,P-14401,Durres,P-14492,0.006911177247275371
Durres,P-14401,Durres,P-1451,0.015776784891231518
Durres,P-14401,Durres,P-14701,0.007850805802557252
Durres,P-14401,Durres,P-14702,0.01286835834609951
Durres,P-14401,Durres,P-14704,0.01534990757772306
Durres,P-14401,Durres,P-14751,0.015169133894643163
Durres,P-14401,Durres,P-14831,0.010629714941792646
Durres,P-14401,Durres,P-14832,0.06088027445413772
Durres,P-14401,Durres,P-14841,0.01564643266331047
Durres,P-14401,Durres,P-14851,0.02203655460617855
Durres,P-14401,Durres,P-14881,0.026277043362942547
Durres,P-14401,Durres,P-14931,0.029189080843702885
Durres,P-14401,Durres,P-1495,0.002899641569980061
Durres,P-14401,Durres,P-14961,0.011208577707036791
Durres,P-14401,Katund I ri,P-1528,0.025784660093246675
Durres,P-14401,Rashbull,P-1376,0.02607992287589958
Durres,P-14401,Rashbull,P-1379,0.026560218065560928
Durres,P-14401,Rashbull,P-13791,0.08472843762096567
Durres,P-14401,Rashbull,P-13801,0.0051594174078194695
Durres,P-14492,Durres,P-1451,0.004191398126674685
Durres,P-14492,Durres,P-14701,0.02303204147579969
Durres,P-14492,Durres,P-14702,0.037076954766283136
Durres,P-14492,Durres,P-14704,0.042586073549552406
Durres,P-14492,Durres,P-14751,0.03913240926789002
Durres,P-14492,Durres,P-14831,0.03477839465630035
Durres,P-14492,Durres,P-14832,0.08612109466731147
Durres,P-14492,Durres,P-14841,0.03956397980247271
Durres,P-14492,Durres,P-14851,0.004823296316851734
Durres,P-14492,Durres,P-14881,0.01112361203184768
Durres,P-14492,Durres,P-14931,0.06518155589410794
Durres,P-14492,Durres,P-1495,0.012379267843455785
Durres,P-14492,Durres,P-14961,0.029246049411529966
Durres,P-14492,Katund I ri,P-1528,0.0059425994213651275
Durres,P-14492,Rashbull,P-1376,0.01186573209274664
Durres,P-14492,Rashbull,P-1379,0.04481893625647321
Durres,P-14492,Rashbull,P-13791,0.14220455149212466
Durres,P-14492,Rashbull,P-13801,0.014747257584787624
Durres,P-1451,Durres,P-14701,0.026111919017845608
Durres,P-1451,Durres,P-14702,0.04640981542398777
Durres,P-1451,Durres,P-14704,0.05523886903862177
Durres,P-1451,Durres,P-14751,0.0457843067834629
Durres,P-1451,Durres,P-14831,0.0481968904463355
Durres,P-1451,Durres,P-14832,0.07523615157720176
Durres,P-1451,Durres,P-14841,0.04576171026563405
Durres,P-1451,Durres,P-14851,0.0017211115593071722
Durres,P-1451,Durres,P-14881,0.0016612033549122229
Durres,P-1451,Durres,P-14931,0.08364770793705854
Durres,P-1451,Durres,P-1495,0.016054943789900206
Durres,P-1451,Durres,P-14961,0.03228300573527437
Durres,P-1451,Katund I ri,P-1528,0.004620554682157203
Durres,P-1451,Rashbull,P-1376,0.001958783124514071
Durres,P-1451,Rashbull,P-1379,0.040144972722751956
Durres,P-1451,Rashbull,P-13791,0.17337271621920464
Durres,P-1451,Rashbull,P-13801,0.016289827097114046
Durres,P-14701,Durres,P-14702,0.003490554369346228
Durres,P-14701,Durres,P-14704,0.0069631572796099925
Durres,P-14701,Durres,P-14751,0.002715747415849726
Durres,P-14701,Durres,P-14831,0.006387800384935456
Durres,P-14701,Durres,P-14832,0.02535741190430124
Durres,P-14701,Durres,P-14841,0.002676342655076967
Durres,P-14701,Durres,P-14851,0.039410996106668136
Durres,P-14701,Durres,P-14881,0.03357761156470522
Durres,P-14701,Durres,P-14931,0.01893079668439998
Durres,P-14701,Durres,P-1495,0.0016424132954127148
Durres,P-14701,Durres,P-14961,3.6835883250738643e-4
Durres,P-14701,Katund I ri,P-1528,0.04804294665112922
Durres,P-14701,Rashbull,P-1376,0.03187801511149272
Durres,P-14701,Rashbull,P-1379,0.005906662253418479
Durres,P-14701,Rashbull,P-13791,0.06778588080544308
Durres,P-14701,Rashbull,P-13801,0.001131762298907188
Durres,P-14702,Durres,P-14704,6.520452564828362e-4
Durres,P-14702,Durres,P-14751,4.7701436005660085e-4
Durres,P-14702,Durres,P-14831,0.0011945484939387377
Durres,P-14702,Durres,P-14832,0.02994266459650394
Durres,P-14702,Durres,P-14841,6.517634244912127e-4
Durres,P-14702,Durres,P-14851,0.062240382261876837
Durres,P-14702,Durres,P-14881,0.0582249425532817
Durres,P-14702,Durres,P-14931,0.006151827639075636
Durres,P-14702,Durres,P-1495,0.007659264724025559
Durres,P-14702,Durres,P-14961,0.00249697421374065
Durres,P-14702,Katund I ri,P-1528,0.07148123233704731
Durres,P-14702,Rashbull,P-1376,0.056218104515976794
Durres,P-14702,Rashbull,P-1379,0.011233580467918546
Durres,P-14702,Rashbull,P-13791,0.04019374432247488
Durres,P-14702,Rashbull,P-13801,0.008023510855893215
Durres,P-14704,Durres,P-14751,0.0019851108220409405
Durres,P-14704,Durres,P-14831,5.82150738602405e-4
Durres,P-14704,Durres,P-14832,0.03677626815616946
Durres,P-14704,Durres,P-14841,0.002305322453946293
Durres,P-14704,Durres,P-14851,0.07144092797221187
Durres,P-14704,Durres,P-14881,0.06926771652740518
Durres,P-14704,Durres,P-14931,0.002953443303297141
Durres,P-14704,Durres,P-1495,0.011524359602147068
Durres,P-14704,Durres,P-14961,0.0057000372958605095
Durres,P-14704,Katund I ri,P-1528,0.0804397543584828
Durres,P-14704,Rashbull,P-1376,0.06728273080524491
Durres,P-14704,Rashbull,P-1379,0.016832132870022755
Durres,P-14704,Rashbull,P-13791,0.03145558402470486
Durres,P-14704,Rashbull,P-13801,0.012554359174432355
Durres,P-14751,Durres,P-14831,0.0031769351721072786
Durres,P-14751,Durres,P-14832,0.022896425337911454
Durres,P-14751,Durres,P-14841,1.3609174897351198e-5
Durres,P-14751,Durres,P-14851,0.0625755690498544
Durres,P-14751,Durres,P-14881,0.055950665293057575
Durres,P-14751,Durres,P-14931,0.008545142968116176
Durres,P-14751,Durres,P-1495,0.007747807679809553
Durres,P-14751,Durres,P-14961,0.0013800732961966266
Durres,P-14751,Katund I ri,P-1528,0.07274361785811523
Durres,P-14751,Rashbull,P-1376,0.05368598875030536
Durres,P-14751,Rashbull,P-1379,0.007253921807394448
Durres,P-14751,Rashbull,P-13791,0.04449318810568187
Durres,P-14751,Rashbull,P-13801,0.007309748431601988
Durres,P-14831,Durres,P-14832,0.04310218882573319
Durres,P-14831,Durres,P-14841,0.0036058154693716987
Durres,P-14831,Durres,P-14851,0.06231640727999558
Durres,P-14831,Durres,P-14881,0.062497986835687795
Durres,P-14831,Durres,P-14931,0.004666339983028062
Durres,P-14831,Durres,P-1495,0.009007325494849963
Durres,P-14831,Durres,P-14961,0.006026512290881057
Durres,P-14831,Katund I ri,P-1528,0.07000099572403169
Durres,P-14831,Rashbull,P-1376,0.06093118863395134
Durres,P-14831,Rashbull,P-1379,0.019308748738685932
Durres,P-14831,Rashbull,P-13791,0.03632124286530804
Durres,P-14831,Rashbull,P-13801,0.010646235490933798
Durres,P-14832,Durres,P-14841,0.0218014929730699
Durres,P-14832,Durres,P-14851,0.09994949213166861
Durres,P-14832,Durres,P-14881,0.07479517988644574
Durres,P-14832,Durres,P-14931,0.048937018105233515
Durres,P-14832,Durres,P-1495,0.037571958449459195
Durres,P-14832,Durres,P-14961,0.021056184753779843
Durres,P-14832,Katund I ri,P-1528,0.11713615865105051
Durres,P-14832,Rashbull,P-1376,0.07053308612614241
Durres,P-14832,Rashbull,P-1379,0.007038213048793064
Durres,P-14832,Rashbull,P-13791,0.09390594130133813
Durres,P-14832,Rashbull,P-13801,0.03154770285898696
Durres,P-14841,Durres,P-14851,0.06271341610953907
Durres,P-14841,Durres,P-14881,0.055648535710181246
Durres,P-14841,Durres,P-14931,0.009047055662735738
Durres,P-14841,Durres,P-1495,0.0078523865281837045
Durres,P-14841,Durres,P-14961,0.0012838054060489933
Durres,P-14841,Katund I ri,P-1528,0.07303720484829684
Durres,P-14841,Rashbull,P-1376,0.05334062100947034
Durres,P-14841,Rashbull,P-1379,0.0066744294923539275
Durres,P-14841,Rashbull,P-13791,0.04532349226223244
Durres,P-14841,Rashbull,P-13801,0.0072789020655001455
Durres,P-14851,Durres,P-14881,0.003784630948019483
Durres,P-14851,Durres,P-14931,0.10253226960493317
Durres,P-14851,Durres,P-1495,0.02591639152474251
Durres,P-14851,Durres,P-14961,0.047206686839845566
Durres,P-14851,Katund I ri,P-1528,7.476263423010611e-4
Durres,P-14851,Rashbull,P-1376,0.004766981497193406
Durres,P-14851,Rashbull,P-1379,0.05838172023148201
Durres,P-14851,Rashbull,P-13791,0.1997270408224182
Durres,P-14851,Rashbull,P-13801,0.027102445042984747
Durres,P-14881,Durres,P-14931,0.10179197411458947
Durres,P-14881,Durres,P-1495,0.023554152133199953
Durres,P-14881,Durres,P-14961,0.03989068719940311
Durres,P-14881,Katund I ri,P-1528,0.00763796215449199
Durres,P-14881,Rashbull,P-1376,7.132086360632387e-5
Durres,P-14881,Rashbull,P-1379,0.04307680501295613
Durres,P-14881,Rashbull,P-13791,0.2007632186014554
Durres,P-14881,Rashbull,P-13801,0.022501483753715485
Durres,P-14931,Durres,P-1495,0.026031770948954418
Durres,P-14931,Durres,P-14961,0.0163218240507228
Durres,P-14931,Katund I ri,P-1528,0.11228560480625532
Durres,P-14931,Rashbull,P-1376,0.0994576356589376
Durres,P-14931,Rashbull,P-1379,0.030126042783257798
Durres,P-14931,Rashbull,P-13791,0.015117233653476881
Durres,P-14931,Rashbull,P-13801,0.027796805247061275
Durres,P-1495,Durres,P-14961,0.003560651801444723
Durres,P-1495,Katund I ri,P-1528,0.03246963615509397
Durres,P-1495,Rashbull,P-1376,0.0225256430233697
Durres,P-1495,Rashbull,P-1379,0.012077088894307255
Durres,P-1495,Rashbull,P-13791,0.081688556073457
Durres,P-1495,Rashbull,P-13801,3.3943512824947627e-4
Durres,P-14961,Katund I ri,P-1528,0.05678812269449186
Durres,P-14961,Rashbull,P-1376,0.03788060009184435
Durres,P-14961,Rashbull,P-1379,0.004321545884506967
Durres,P-14961,Rashbull,P-13791,0.0616661092333273
Durres,P-14961,Rashbull,P-13801,0.0027015105182500313
Katund I ri,P-1528,Rashbull,P-1376,0.009079636210509693
Katund I ri,P-1528,Rashbull,P-1379,0.0709491240082725
Katund I ri,P-1528,Rashbull,P-13791,0.21205727714193862
Katund I ri,P-1528,Rashbull,P-13801,0.0345013982793327
Rashbull,P-1376,Rashbull,P-1379,0.0402203532432069
Rashbull,P-1376,Rashbull,P-13791,0.19735691223882568
Rashbull,P-1376,Rashbull,P-13801,0.02123205384709312
Rashbull,P-1379,Rashbull,P-13791,0.07999839152567512
Rashbull,P-1379,Rashbull,P-13801,0.00879415167641167
Rashbull,P-13791,Rashbull,P-13801,0.08470207577169436
