District,Municipality,Administrative Unit,pPS,pPD,pPSPD,pOP,pInvalid,Eligible Voters,Total Eligible Votes,Total Votes,pTurnout
Berat,Berat,Berat,0.5443433905971801,0.34714402579279147,1.5680621014693652,0.10851258361002838,0.052825888787602554,52154,20781,21940,0.4206772251409288
Berat,Berat,Otllak,0.5306730196545563,0.34266428429620804,1.548667439165701,0.12666269604923566,0.06445022288261515,12029,5037,5384,0.44758500290963504
Berat,Berat,Roshnik,0.6775510204081633,0.25387755102040815,2.6688102893890675,0.06857142857142857,0.08513816280806571,2857,1225,1339,0.46867343367168357
Berat,Berat,Sinje,0.5751381215469613,0.2850828729281768,2.0174418604651163,0.1397790055248619,0.08354430379746836,3908,1810,1975,0.5053735926305015
Berat,Berat,Velabisht,0.6008351756325228,0.2702038811102923,2.2236363636363636,0.12896094325718496,0.09210526315789473,9397,4071,4484,0.47717356603171224
Berat,Kucove,Kozare,0.4945092656142759,0.41111873713109126,1.2028380634390652,0.09437199725463281,0.07079081632653061,6465,2914,3136,0.4850734725444702
Berat,Kucove,Kucove,0.5804788213627993,0.30902394106813996,1.8784266984505364,0.11049723756906077,0.05224575285082616,24378,8145,8594,0.3525309705472147
Berat,Kucove,Lumas,0.5727863931965983,0.32066033016508255,1.7862714508580344,0.10655327663831916,0.055739253660840815,5372,1999,2117,0.39408041697691737
Berat,Kucove,Perondi,0.5692055692055692,0.27354627354627353,2.0808383233532934,0.15724815724815724,0.06698930208863983,8688,3663,3926,0.4518876611418048
Berat,Polican,Polican,0.647834274952919,0.1295668549905838,5,0.22259887005649717,0.05381325730577334,6179,2655,2806,0.4541187894481308
Berat,Polican,Terpan,0.6414285714285715,0.15285714285714286,4.196261682242991,0.2057142857142857,0.06166219839142091,1692,700,746,0.44089834515366433
Berat,Polican,Vertop,0.6772781536012734,0.2363708714683645,2.8653198653198655,0.08635097493036212,0.05985783763561541,5309,2513,2673,0.5034846487097382
Berat,Skrapar,Bogove,0.42857142857142855,0.2537313432835821,1.6890756302521008,0.31769722814498935,0.07677165354330709,1237,469,508,0.4106709781729992
Berat,Skrapar,Cepan,0.4175531914893617,0.1196808510638298,3.488888888888889,0.4627659574468085,0.04810126582278481,758,376,395,0.521108179419525
Berat,Skrapar,Corovode,0.5224306688417618,0.11500815660685156,4.542553191489362,0.36256117455138664,0.05837173579109063,4701,2452,2604,0.5539246968730057
Berat,Skrapar,Gjerbes,0.5568862275449101,0.19461077844311378,2.8615384615384616,0.24850299401197604,0.06963788300835655,814,334,359,0.44103194103194104
Berat,Skrapar,Leshnje,0.5972222222222222,0.06944444444444445,8.6,0.3333333333333333,0.03678929765886288,516,288,299,0.5794573643410853
Berat,Skrapar,Potom,0.7381443298969073,0.05360824742268041,13.76923076923077,0.20824742268041238,0.03578528827037773,793,485,503,0.6343001261034048
Berat,Skrapar,Qender-Skrapar,0.53025152957172,0.11216859279401767,4.7272727272727275,0.3575798776342624,0.06957621758380772,3096,1471,1581,0.5106589147286822
Berat,Skrapar,Vendresh,0.5379876796714579,0.07802874743326489,6.894736842105263,0.3839835728952772,0.0562015503875969,939,487,516,0.549520766773163
Berat,Skrapar,Zhepe,0.5597014925373134,0.05970149253731343,9.375,0.3805970149253731,0.0821917808219178,720,268,292,0.40555555555555556
Berat,Ura Vajgurore,Cukalat,0.48516218081435475,0.43754313319530713,1.108832807570978,0.07729468599033816,0.08753148614609572,3237,1449,1588,0.4905776953969725
Berat,Ura Vajgurore,Kutalli,0.527346243881677,0.369865928921047,1.425776754890679,0.10278782719727601,0.0857976653696498,10339,4699,5140,0.4971467259889738
Berat,Ura Vajgurore,Poshnje,0.5047353760445682,0.40278551532033424,1.2531120331950207,0.09247910863509749,0.08231083844580778,8220,3590,3912,0.4759124087591241
Berat,Ura Vajgurore,Ura Vajgurore,0.5971778487752929,0.312566560170394,1.9105621805792163,0.0902555910543131,0.08657587548638132,9321,3756,4112,0.4411543825769767
Diber,Bulqize,Bulqize,0.42771776603079753,0.330728568145254,1.2932592077831828,0.24155366582394852,0.09861197431116636,9158,4351,4827,0.5270801485040402
Diber,Bulqize,Fushe Bulqize,0.3933680104031209,0.3433029908972692,1.1458333333333333,0.2633289986996099,0.11149624494511842,2992,1538,1731,0.578542780748663
Diber,Bulqize,Gjorice,0.48413156376226196,0.4362377380265436,1.1097883597883598,0.07963069821119446,0.08452192287374538,3946,1733,1893,0.47972630511910797
Diber,Bulqize,Martanesh,0.5865921787709497,0.28631284916201116,2.048780487804878,0.1270949720670391,0.08087291399229782,1660,716,779,0.46927710843373494
Diber,Bulqize,Ostren,0.49065800162469536,0.4646628757108042,1.055944055944056,0.04467912266450041,0.06742424242424243,2371,1231,1320,0.5567271193589203
Diber,Bulqize,Shupenze,0.49127288207747977,0.39846743295019155,1.232905982905983,0.11025968497232864,0.07373817034700315,5019,2349,2536,0.5052799362422793
Diber,Bulqize,Trebisht,0.6574307304785895,0.30982367758186397,2.1219512195121952,0.0327455919395466,0.03170731707317073,772,397,410,0.5310880829015544
Diber,Bulqize,Zerqan,0.3922588099364529,0.4731369150779896,0.8290598290598291,0.1346042749855575,0.0946652719665272,3667,1731,1912,0.5214071448050177
Diber,Diber,Arras,0.4184514003294893,0.5181219110378913,0.8076311605723371,0.06342668863261944,0.04334121355397951,2539,1214,1269,0.4998030720756203
Diber,Diber,Fushe Cidhen,0.27583108715184185,0.5884995507637018,0.4687022900763359,0.13566936208445643,0.0709515859766277,2590,1113,1198,0.46254826254826253
Diber,Diber,Fushe Muhur,0.41214351425942963,0.4452621895124195,0.9256198347107438,0.14259429622815087,0.06534823731728288,2427,1087,1163,0.4791924186238154
Diber,Diber,Kala e Dodes,0.3443478260869565,0.6208695652173913,0.5546218487394958,0.034782608695652174,0.02707275803722504,1695,575,591,0.3486725663716814
Diber,Diber,Kastriot,0.37989652623798964,0.458980044345898,0.8276972624798712,0.16112342941611235,0.0767656090071648,5466,2706,2931,0.5362239297475302
Diber,Diber,Lure,0.3487858719646799,0.6225165562913907,0.5602836879432624,0.02869757174392936,0.07551020408163266,898,453,490,0.5456570155902004
Diber,Diber,Luzni,0.39235412474849096,0.5352112676056338,0.7330827067669173,0.07243460764587525,0.08387096774193549,2046,994,1085,0.5303030303030303
Diber,Diber,Maqellare,0.4540731504571904,0.43703241895261846,1.0389919163100332,0.10889443059019119,0.05813270698766882,10269,4812,5109,0.4975167981302951
Diber,Diber,Melan,0.41995073891625617,0.5061576354679803,0.829683698296837,0.07389162561576355,0.06072874493927125,3166,1624,1729,0.5461149715729627
Diber,Diber,Peshkopi,0.40597245462736514,0.4909254730338525,0.826953329837441,0.10310207233878234,0.05989835430784124,14539,7769,8264,0.568402228488892
Diber,Diber,Selishte,0.40252707581227437,0.5126353790613718,0.7852112676056338,0.08483754512635379,0.03484320557491289,1174,554,574,0.4889267461669506
Diber,Diber,Sllove,0.4647006255585344,0.4691689008042895,0.9904761904761905,0.06613047363717604,0.04927782497875956,2109,1119,1177,0.5580844001896633
Diber,Diber,Tomin,0.39051646028390213,0.5134400483237692,0.7605882352941177,0.0960434913923286,0.06732394366197184,6294,3311,3550,0.5640292341912932
Diber,Diber,Zall Dardhe,0.4936708860759494,0.4506329113924051,1.095505617977528,0.05569620253164557,0.019851116625310174,786,395,403,0.5127226463104325
Diber,Diber,Zall Rec,0.5230769230769231,0.4307692307692308,1.2142857142857142,0.046153846153846156,0.02108433734939759,624,325,332,0.532051282051282
Diber,Klos,Gurre,0.4131396083385976,0.5375868603916614,0.7685076380728555,0.049273531269740996,0.058858501783590964,2902,1583,1682,0.5796002756719504
Diber,Klos,Klos (DI),0.47581863979848865,0.446095717884131,1.0666290231507622,0.07808564231738035,0.08483171968649147,7911,3970,4338,0.5483503981797497
Diber,Klos,Suc,0.4544728434504792,0.4976038338658147,0.913322632423756,0.04792332268370607,0.07396449704142012,2571,1252,1352,0.5258654220147803
Diber,Klos,Xiber,0.5143853530950305,0.42981691368788144,1.1967545638945234,0.05579773321708806,0.06290849673202614,2218,1147,1224,0.5518485121731289
Diber,Mat,Baz,0.3818493150684932,0.5179794520547946,0.7371900826446282,0.10017123287671233,0.04730831973898858,2327,1168,1226,0.5268586162440911
Diber,Mat,Burrel,0.5435224253789654,0.38099703078606034,1.4265791632485645,0.07548054383497421,0.04805117524546266,13354,6399,6722,0.5033697768458889
Diber,Mat,Derjan,0.45397489539748953,0.47280334728033474,0.9601769911504425,0.07322175732217573,0.0789980732177264,992,478,519,0.5231854838709677
Diber,Mat,Komsi,0.4799583550234253,0.4716293597084852,1.0176600441501105,0.048412285268089536,0.07198067632850241,3933,1921,2070,0.5263157894736842
Diber,Mat,Lis,0.556390977443609,0.4083285135916715,1.3626062322946175,0.035280508964719494,0.0763888888888889,3606,1729,1872,0.519134775374376
Diber,Mat,Macukull,0.4168012924071082,0.5654281098546042,0.7371428571428571,0.017770597738287562,0.06069802731411229,1284,619,659,0.5132398753894081
Diber,Mat,Rukaj,0.41002465078060807,0.533278553820871,0.7688751926040062,0.056696795398520954,0.062403697996918334,2517,1217,1298,0.5156932856575288
Diber,Mat,Ulez,0.5244072524407253,0.38633193863319387,1.3574007220216606,0.08926080892608089,0.04144385026737968,1403,717,748,0.5331432644333571
Durres,Durres,Ishem,0.5088578967206936,0.38786279683377306,1.3119533527696794,0.10327930644553336,0.052161486245087534,6878,2653,2799,0.4069496946786857
Durres,Durres,Katund I Ri,0.3743262128169295,0.5745657815931323,0.6514940931202223,0.05110800558993811,0.0522232734153264,12392,5009,5285,0.4264848289218851
Durres,Durres,Manez,0.5075777035705111,0.4212689442589263,1.2048780487804878,0.07115335217056255,0.05371900826446281,9218,3893,4114,0.44630071599045346
Durres,Durres,Rrashbull,0.4947578632051922,0.40322849059743715,1.2269913330581923,0.1020136461973706,0.04770206022187005,26614,12018,12620,0.4741865183737882
Durres,Durres,Sukth,0.4391241578440808,0.4560875842155919,0.9628066473226061,0.10478825794032724,0.06669660902762183,22209,8312,8906,0.4010086001170697
Durres,Durres,Durres,0.5177139544833488,0.40468139724250246,1.2793124616329037,0.0776046482741488,0.043156157147573454,181322,72457,75725,0.4176272046414666
Durres,Kruje,Bubq,0.5246313147160339,0.3850015688735488,1.362673186634067,0.09036711641041732,0.04922434367541766,6875,3187,3352,0.48756363636363637
Durres,Kruje,Cudhi,0.5628332063975628,0.37623762376237624,1.4959514170040487,0.06092916984006093,0.049239681390296886,2164,1313,1381,0.6381700554528651
Durres,Kruje,Fushe Kruje,0.4923671142173993,0.41042854515357735,1.1996414967510642,0.09720434062902336,0.04955860501704396,20713,10874,11441,0.5523584222468981
Durres,Kruje,Koder Thumane,0.5396825396825397,0.41008018327605955,1.3160415003990422,0.050237277041400755,0.05064471026875874,12766,6111,6437,0.504229985900047
Durres,Kruje,Kruje,0.36349431818181815,0.4803977272727273,0.7566528681253696,0.15610795454545454,0.05401773716742811,12941,7040,7442,0.5750714782474307
Durres,Kruje,Nikel,0.5748136824001528,0.38295432830116566,1.5009980039920159,0.042231989298681445,0.056096681096681096,8278,5233,5544,0.6697269871949746
Durres,Shijak,Gjepalaj,0.46381578947368424,0.3923872180451128,1.1820359281437125,0.143796992481203,0.04187303016659163,4653,2128,2221,0.4773264560498603
Durres,Shijak,Maminas,0.6340425531914894,0.3008510638297872,2.1074964639321077,0.0651063829787234,0.07077896401739818,6039,2350,2529,0.4187779433681073
Durres,Shijak,Shijak,0.5976883751944877,0.33985330073349634,1.7586657946370177,0.06245832407201601,0.04783068783068783,10768,4499,4725,0.4388001485884101
Durres,Shijak,Xhafzotaj,0.47093217507517543,0.46408286000668225,1.0147588192944565,0.06498496491814233,0.05732283464566929,14900,5986,6350,0.4261744966442953
Elbasan,Belsh,Belsh,0.5399521010232963,0.41628565207925106,1.297071129707113,0.043762246897452645,0.06227031441404655,11638,4593,4898,0.42086269118405223
Elbasan,Belsh,Fierze (EL),0.5192143467122118,0.44150298889837747,1.1760154738878144,0.03928266438941076,0.06618819776714513,3148,1171,1254,0.3983481575603558
Elbasan,Belsh,Grekan,0.6341789052069426,0.32242990654205606,1.9668737060041408,0.043391188251001335,0.07815384615384616,3909,1498,1625,0.41570734203121
Elbasan,Belsh,Kajan,0.5784615384615385,0.39179487179487177,1.4764397905759161,0.029743589743589743,0.06564446574029707,5085,1950,2087,0.4104228121927237
Elbasan,Belsh,Rrase,0.5693215339233039,0.39823008849557523,1.4296296296296296,0.032448377581120944,0.055710306406685235,1833,678,718,0.3917075831969449
Elbasan,Cerrik,Cerrik,0.6402757964812174,0.28839752734189256,2.2201154163231656,0.07132667617689016,0.05142083897158322,11940,4206,4434,0.371356783919598
Elbasan,Cerrik,Gostime,0.5521550624840602,0.3040040805916858,1.816275167785235,0.14384085692425402,0.05654475457170356,10219,3921,4156,0.4066934142283981
Elbasan,Cerrik,Klos (EL),0.49367930805056554,0.364604125083167,1.354014598540146,0.14171656686626746,0.058860363180964305,3455,1503,1597,0.4622286541244573
Elbasan,Cerrik,Mollas (EL),0.6735395189003437,0.23062237495227186,2.9205298013245033,0.0958381061473845,0.060953746862674796,6027,2619,2789,0.46275095404015265
Elbasan,Cerrik,Shales,0.5237080447522643,0.35695258391049545,1.4671641791044776,0.11933937133724028,0.06009013520280421,5566,1877,1997,0.35878548329141213
Elbasan,Elbasan,Bradashesh,0.5440366972477064,0.39155963302752295,1.3894095595126523,0.06440366972477064,0.08218255304816437,10707,5450,5938,0.5545904548426264
Elbasan,Elbasan,Funare,0.6146788990825688,0.347789824854045,1.7673860911270982,0.03753127606338615,0.0669260700389105,2157,1199,1285,0.5957348168752897
Elbasan,Elbasan,Gjergjan,0.6326854422848076,0.28401428004760015,2.227653631284916,0.08330027766759222,0.06802218114602587,6342,2521,2705,0.42652160201829076
Elbasan,Elbasan,Gjinar,0.6210153482880756,0.2662337662337662,2.3325942350332594,0.1127508854781582,0.05626740947075209,3521,1694,1795,0.5097983527406986
Elbasan,Elbasan,Gracen,0.5970149253731343,0.31343283582089554,1.9047619047619047,0.08955223880597014,0.06106106106106106,1689,938,999,0.5914742451154529
Elbasan,Elbasan,Labinot Fushe,0.4384590270976167,0.5122428991185113,0.8559592096876991,0.04929807378387202,0.06871389480085133,5265,3063,3289,0.6246913580246913
Elbasan,Elbasan,Labinot Mal,0.5646687697160884,0.39313880126182965,1.436308926780341,0.04219242902208202,0.07915758896151052,4110,2536,2754,0.67007299270073
Elbasan,Elbasan,Paper,0.5365930599369085,0.3977917981072555,1.3489294210943696,0.06561514195583597,0.06268480189237138,7237,3170,3382,0.4673207130026254
Elbasan,Elbasan,Shirgjan,0.584952803997779,0.3609106052193226,1.6207692307692307,0.05413659078289839,0.06659756413578648,8316,3602,3859,0.46404521404521404
Elbasan,Elbasan,Shushice,0.5657254138266796,0.3661148977604674,1.5452127659574468,0.06815968841285297,0.08077869769523384,8673,4108,4469,0.5152772973596218
Elbasan,Elbasan,Tregan,0.5285472018089316,0.40644431882419446,1.3004172461752435,0.06500847936687394,0.06302966101694915,3440,1769,1888,0.5488372093023256
Elbasan,Elbasan,Zavaline,0.6485294117647059,0.29411764705882354,2.205,0.057352941176470586,0.03133903133903134,1370,680,702,0.5124087591240876
Elbasan,Elbasan,Elbasan,0.5077396052801307,0.4242378638689427,1.1968276491156946,0.0680225308509266,0.047371331435476276,105852,46514,48827,0.46127612137701696
Elbasan,Gramsh,Gramsh,0.5992156862745098,0.3107843137254902,1.9280757097791799,0.09,0.04637247569184742,10721,5100,5348,0.49883406398656843
Elbasan,Gramsh,Kodovjat,0.6065040650406504,0.2788617886178862,2.174927113702624,0.11463414634146342,0.06818181818181818,2321,1230,1320,0.5687203791469194
Elbasan,Gramsh,Kukur,0.5758157389635317,0.28119001919385794,2.04778156996587,0.14299424184261036,0.08274647887323944,2110,1042,1136,0.5383886255924171
Elbasan,Gramsh,Kushove,0.6230936819172114,0.3115468409586057,2,0.06535947712418301,0.04771784232365145,840,459,482,0.5738095238095238
Elbasan,Gramsh,Lenie,0.6356382978723404,0.26595744680851063,2.39,0.09840425531914894,0.06930693069306931,761,376,404,0.5308804204993429
Elbasan,Gramsh,Pishaj,0.6271751203258052,0.3050721954831544,2.0558252427184467,0.06775268419104036,0.05128205128205128,5269,2701,2847,0.5403302334408806
Elbasan,Gramsh,Porocan,0.7033747779751333,0.23090586145648312,3.046153846153846,0.06571936056838366,0.1430745814307458,1166,563,657,0.5634648370497427
Elbasan,Gramsh,Skenderbegas,0.5512048192771084,0.32981927710843373,1.6712328767123288,0.11897590361445783,0.05007153075822604,1349,664,699,0.5181616011860638
Elbasan,Gramsh,Sult,0.611353711790393,0.314410480349345,1.9444444444444444,0.07423580786026202,0.04384133611691023,931,458,479,0.514500537056928
Elbasan,Gramsh,Tunje,0.6093959731543624,0.27114093959731544,2.2475247524752477,0.11946308724832215,0.056962025316455694,1562,745,790,0.5057618437900128
Elbasan,Librazhd,Hotolisht,0.6119011976047904,0.28555389221556887,2.142857142857143,0.10254491017964072,0.0864957264957265,5230,2672,2925,0.5592734225621415
Elbasan,Librazhd,Librazhd,0.5587379727008279,0.3589169836652495,1.5567331670822944,0.08234504363392257,0.04610458911419424,8602,4469,4685,0.5446407812136712
Elbasan,Librazhd,Lunik,0.6551111111111111,0.30044444444444446,2.1804733727810652,0.044444444444444446,0.08088235294117647,2568,1125,1224,0.4766355140186916
Elbasan,Librazhd,Orenje,0.6755196304849884,0.279445727482679,2.4173553719008263,0.04503464203233257,0.08553326293558607,3493,1732,1894,0.5422273117663899
Elbasan,Librazhd,Polis,0.6849547511312217,0.2686651583710407,2.5494736842105263,0.04638009049773756,0.057569296375266525,3936,1768,1876,0.4766260162601626
Elbasan,Librazhd,Qender-Librazhd,0.5968125594671742,0.3149381541389153,1.8950151057401812,0.08824928639391057,0.08269692341261183,8411,4204,4583,0.5448817025323981
Elbasan,Librazhd,Stebleve,0.4923469387755102,0.4923469387755102,1,0.015306122448979591,0.06220095693779904,828,392,418,0.5048309178743962
Elbasan,Peqin,Gjocaj,0.4758590691605046,0.49064810787298824,0.9698581560283688,0.03349282296650718,0.07707747892412686,5745,2299,2491,0.4335944299390775
Elbasan,Peqin,Karine,0.6260387811634349,0.3601108033240997,1.7384615384615385,0.013850415512465374,0.042440318302387266,1492,722,754,0.5053619302949062
Elbasan,Peqin,Pajove,0.5537942664418213,0.4219224283305228,1.3125499600319743,0.024283305227655986,0.057233704292527825,7042,2965,3145,0.44660607781880146
Elbasan,Peqin,Peqin,0.526006464883926,0.4152218630620041,1.2668082094833688,0.05877167205406994,0.04570947840717891,7212,3403,3566,0.4944536882972823
Elbasan,Peqin,Perparim,0.4973882762623331,0.4300638421358096,1.156545209176788,0.07254788160185723,0.037430167597765365,4305,1723,1790,0.41579558652729387
Elbasan,Peqin,Sheze,0.5775116433799069,0.4018629407850965,1.4370860927152318,0.020625415834996674,0.04267515923566879,4386,1503,1570,0.35795713634290927
Elbasan,Prrenjas,Prrenjas,0.5141748731721874,0.29334527006863625,1.7527975584944049,0.19247985675917637,0.05764904386951631,6912,3351,3556,0.5144675925925926
Elbasan,Prrenjas,Qukes,0.5550012471938139,0.3414816662509354,1.6252739225712198,0.10351708655525069,0.054926921263554924,7963,4009,4242,0.5327138013311566
Elbasan,Prrenjas,Rajce,0.5220156555772995,0.26247553816046965,1.988816402609506,0.21550880626223093,0.06687970782926272,8219,4088,4381,0.5330332157196739
Elbasan,Prrenjas,Stravaj,0.5832599118942732,0.373568281938326,1.5613207547169812,0.04317180616740088,0.06967213114754098,2075,1135,1220,0.5879518072289157
Fier,Divjake,Divjake,0.45407378939277476,0.44158339738662566,1.0282854656222802,0.10434281322059955,0.06604450825556353,11531,5204,5572,0.48321914838262076
Fier,Divjake,Grabian,0.5081804660386713,0.42786316311353495,1.1877172653534183,0.06395637084779375,0.07007837713231904,4922,2017,2169,0.4406745225518082
Fier,Divjake,Gradisht,0.5830413454800281,0.3209530483531885,1.8165938864628821,0.09600560616678346,0.051827242524916946,8691,4281,4515,0.5195029340697273
Fier,Divjake,Remas,0.4907369287772746,0.4223960477562783,1.161793372319688,0.08686702346644709,0.05559875583203733,5203,2429,2572,0.49433019411877765
Fier,Divjake,Terbuf,0.5318548387096774,0.3782258064516129,1.4061833688699361,0.08991935483870968,0.07011623547056618,12607,4960,5334,0.42309827873403666
Fier,Fier,Cakran,0.5293220338983051,0.38813559322033897,1.3637554585152838,0.08254237288135594,0.05159942131490114,12759,5900,6221,0.48757739634767616
Fier,Fier,Frakull,0.5658174097664543,0.3447452229299363,1.6412625096227869,0.08943736730360934,0.055639097744360905,8331,3768,3990,0.4789341015484336
Fier,Fier,Levan,0.51796341194622,0.37579898611417234,1.3782991202346042,0.10623760193960767,0.06492168178070899,14046,4537,4852,0.3454364231809768
Fier,Fier,Portez,0.5504910601863511,0.3344245781918912,1.6460843373493976,0.11508436162175774,0.05136168179646441,9129,3971,4186,0.4585387227516705
Fier,Fier,Dermenas,0.4586305278174037,0.4194008559201141,1.0935374149659864,0.12196861626248216,0.051206857658470564,10216,4206,4433,0.43392717306186374
Fier,Fier,Libofshe,0.599874174268638,0.29411764705882354,2.039572192513369,0.10600817867253853,0.054994054696789536,8317,3179,3364,0.40447276662258025
Fier,Fier,Mbrostar,0.4526582278481013,0.3341772151898734,1.3545454545454545,0.21316455696202533,0.06883545497406883,8429,3950,4242,0.5032625459722387
Fier,Fier,Qender-Fier,0.4918156635608159,0.390078065978343,1.2608134280180763,0.1181062704608411,0.06233766233766234,9954,3971,4235,0.42545710267229253
Fier,Fier,Topoje,0.7222449815649324,0.1929537074969275,3.743099787685775,0.08480131093814011,0.05019455252918288,6132,2441,2570,0.41911285061969994
Fier,Fier,Fier,0.5311428658111101,0.3620339188738206,1.4671080197770887,0.10682321531506933,0.03107178552531013,77732,32961,34018,0.43763186332527143
Fier,Lushnje,Allkaj,0.5501014198782962,0.2997971602434077,1.8349120433017592,0.15010141987829614,0.06059451219512195,5039,2465,2624,0.5207382417146259
Fier,Lushnje,Ballagat,0.5197255574614065,0.44168096054888506,1.1766990291262136,0.038593481989708404,0.09401709401709402,2970,1166,1287,0.43333333333333335
Fier,Lushnje,Bubullime,0.6123143564356436,0.28867574257425743,2.1211146838156485,0.09900990099009901,0.06291678747463032,5845,3232,3449,0.5900769888793841
Fier,Lushnje,Dushk,0.4984493938539611,0.3989286721172822,1.249469964664311,0.10262193402875669,0.05865180467091295,9413,3547,3768,0.40029746095824925
Fier,Lushnje,Fier Shegan,0.48846153846153845,0.33653846153846156,1.4514285714285715,0.175,0.07048008171603677,7656,3640,3916,0.5114942528735632
Fier,Lushnje,Golem (FR),0.5266918873476251,0.36065573770491804,1.4603729603729603,0.11265237494745692,0.07359813084112149,6084,2379,2568,0.42209072978303747
Fier,Lushnje,Hysgjokaj,0.45852534562211983,0.4685099846390169,0.978688524590164,0.07296466973886329,0.06465517241379311,2771,1302,1392,0.5023457235654998
Fier,Lushnje,Karbunare,0.5866121614716403,0.33418497700562083,1.7553516819571866,0.07920286152273888,0.08035714285714286,4406,1957,2128,0.4829777576032683
Fier,Lushnje,Kolonje,0.569882777276826,0.3450556056507364,1.651567944250871,0.08506161707243763,0.05132591958939264,6697,3327,3507,0.5236673137225624
Fier,Lushnje,Krutje,0.6120293847566575,0.2908631772268136,2.1041831097079715,0.09710743801652892,0.05345501955671447,8292,4356,4602,0.5549927641099855
Fier,Lushnje,Lushnje,0.5187333688131985,0.41005854177754125,1.265022712524335,0.07120808940926024,0.04609605036044268,45076,18790,19698,0.43699529683201704
Fier,Mallakaster,Aranitas,0.4886018237082067,0.418693009118541,1.1669691470054446,0.09270516717325228,0.0679886685552408,3059,1316,1412,0.461588754494933
Fier,Mallakaster,Ballsh,0.44337160751565763,0.4164926931106472,1.0645363408521302,0.1401356993736952,0.04510341390480937,8722,3832,4013,0.4601008942903004
Fier,Mallakaster,Fratar,0.5603603603603604,0.3333333333333333,1.681081081081081,0.1063063063063063,0.06722689075630252,3819,1665,1785,0.4673998428908091
Fier,Mallakaster,Greshice,0.5241502683363148,0.25760286225402507,2.0347222222222223,0.2182468694096601,0.06833333333333333,1465,559,600,0.40955631399317405
Fier,Mallakaster,Hekal,0.54072553045859,0.3839835728952772,1.4081996434937611,0.07529089664613278,0.05436893203883495,3584,1461,1545,0.4310825892857143
Fier,Mallakaster,Kute,0.6061538461538462,0.3117948717948718,1.944078947368421,0.08205128205128205,0.06429942418426103,2401,975,1042,0.43398583923365264
Fier,Mallakaster,Ngracan,0.40148698884758366,0.49070631970260226,0.8181818181818182,0.10780669144981413,0.05944055944055944,627,269,286,0.45614035087719296
Fier,Mallakaster,Qender-Mallakaster,0.388870376541153,0.49883372209263577,0.779559118236473,0.11229590136621126,0.0723338485316847,6523,3001,3235,0.49593745209259543
Fier,Mallakaster,Selite Mallakaster,0.48131868131868133,0.4065934065934066,1.1837837837837837,0.11208791208791209,0.05010438413361169,1056,455,479,0.45359848484848486
Fier,Patos,Patos,0.5468192315767374,0.349674574847785,1.5637946562593816,0.10350619357547763,0.0430939226519337,25246,9526,9955,0.39431989226016
Fier,Patos,Ruzhdie,0.5438448566610455,0.3971332209106239,1.3694267515923566,0.05902192242833052,0.07126076742364917,2435,1186,1277,0.524435318275154
Fier,Patos,Zharres,0.5407061569886198,0.3819667347534286,1.4155844155844155,0.07732710825795155,0.05383765875207068,6827,3427,3622,0.5305405009521019
Fier,Roskovec,Kuman,0.5113950276243094,0.42265193370165743,1.2099673202614378,0.06595303867403315,0.05575480925986306,6607,2896,3067,0.4642046314514908
Fier,Roskovec,Kurjan,0.5908396946564886,0.3267175572519084,1.808411214953271,0.08244274809160305,0.039589442815249266,4052,1965,2046,0.5049358341559723
Fier,Roskovec,Roskovec,0.5204996796925048,0.4250480461242793,1.2245666917859834,0.05445227418321589,0.041743400859422956,7251,3122,3258,0.44931733553992553
Fier,Roskovec,Strum,0.5106761565836299,0.4450940518556177,1.1473443746430612,0.044229791560752414,0.03246433841613379,7366,3934,4066,0.5519956557154494
Gjirokaster,Dropull,Dropull Poshte,0.5803183791606368,0.2134587554269175,2.7186440677966104,0.20622286541244572,0.06305084745762712,8229,1382,1475,0.17924413659010816
Gjirokaster,Dropull,Dropull Siper,0.5004508566275925,0.23534715960324618,2.1264367816091956,0.26420198376916143,0.0672834314550042,9046,1109,1189,0.13143931019235022
Gjirokaster,Dropull,Pogon,0.5359712230215827,0.17266187050359713,3.1041666666666665,0.29136690647482016,0.034722222222222224,2685,278,288,0.10726256983240223
Gjirokaster,Gjirokaster,Antigone,0.5703703703703704,0.29333333333333333,1.9444444444444444,0.1362962962962963,0.03017241379310345,1419,675,696,0.4904862579281184
Gjirokaster,Gjirokaster,Cepo,0.4978111319574734,0.36335209505941213,1.370051635111876,0.13883677298311445,0.031496062992125984,3555,1599,1651,0.4644163150492264
Gjirokaster,Gjirokaster,Gjirokaster,0.5796445880452342,0.2747172859450727,2.109967656571597,0.14563812600969306,0.039118286246507296,28130,12380,12884,0.45801635264841806
Gjirokaster,Gjirokaster,Lazarat,0.05136612021857923,0.8737704918032787,0.058786741713570984,0.07486338797814207,0.024520255863539446,2734,1830,1876,0.6861741038771031
Gjirokaster,Gjirokaster,Lunxheri,0.5800446760982875,0.2695457930007446,2.1519337016574585,0.15040953090096798,0.03172314347512617,4439,1343,1387,0.3124577607569272
Gjirokaster,Gjirokaster,Odrie,0.5288753799392097,0.331306990881459,1.5963302752293578,0.1398176291793313,0.0030303030303030303,1398,329,330,0.23605150214592274
Gjirokaster,Gjirokaster,Picar,0.4714285714285714,0.37142857142857144,1.2692307692307692,0.15714285714285714,0.05405405405405406,1519,770,814,0.5358788676761027
Gjirokaster,Kelcyre,Ballaban,0.52,0.41333333333333333,1.2580645161290323,0.06666666666666667,0.052346570397111915,1501,525,554,0.3690872751499001
Gjirokaster,Kelcyre,Dishnice,0.5145348837209303,0.32558139534883723,1.5803571428571428,0.15988372093023256,0.04178272980501393,1842,688,718,0.38979370249728557
Gjirokaster,Kelcyre,Kelcyre,0.4797724399494311,0.3356510745891277,1.4293785310734464,0.1845764854614412,0.05889351576442594,4096,1582,1681,0.410400390625
Gjirokaster,Kelcyre,Suke,0.5953678474114441,0.1784741144414169,3.33587786259542,0.22615803814713897,0.045513654096228866,1980,734,769,0.3883838383838384
Gjirokaster,Libohove,Libohove,0.4471858134155744,0.46491904394757133,0.9618573797678275,0.08789514263685427,0.05946337926033358,2685,1297,1379,0.5135940409683426
Gjirokaster,Libohove,Qender-Libohove,0.5444711538461539,0.2800480769230769,1.944206008583691,0.17548076923076922,0.05454545454545454,2366,832,880,0.37193575655114114
Gjirokaster,Libohove,Zagori,0.5747663551401869,0.3037383177570093,1.8923076923076922,0.12149532710280374,0.05309734513274336,813,214,226,0.2779827798277983
Gjirokaster,Memaliaj,Buz,0.594272076372315,0.27684964200477324,2.146551724137931,0.1288782816229117,0.03233256351039261,975,419,433,0.4441025641025641
Gjirokaster,Memaliaj,F. Memaliaj,0.6064581231079718,0.21089808274470231,2.875598086124402,0.18264379414732593,0.07469654528478058,2117,991,1071,0.5059045819555975
Gjirokaster,Memaliaj,Krahes,0.503985828166519,0.18689105403011513,2.6966824644549763,0.3091231178033658,0.0836038961038961,2958,1129,1232,0.4164976335361731
Gjirokaster,Memaliaj,Luftinje,0.5519828510182208,0.2090032154340836,2.641025641025641,0.2390139335476956,0.06513026052104208,2531,933,998,0.39431054919004344
Gjirokaster,Memaliaj,Memaliaj,0.5326289620882536,0.31883157240522064,1.6705653021442495,0.1485394655065258,0.0661636680208938,5365,1609,1723,0.3211556383970177
Gjirokaster,Memaliaj,Qesarat,0.6138107416879796,0.20460358056265984,3,0.1815856777493606,0.042839657282741736,1875,782,817,0.4357333333333333
Gjirokaster,Permet,Carcove,0.5662431941923775,0.33030852994555354,1.7142857142857142,0.10344827586206896,0.04835924006908463,2321,551,579,0.24946143903489876
Gjirokaster,Permet,Frasher,0.5913978494623656,0.3333333333333333,1.7741935483870968,0.07526881720430108,0.09268292682926829,465,186,205,0.44086021505376344
Gjirokaster,Permet,Permet,0.5856290826469753,0.29906276625958533,1.9582146248812915,0.11530815109343936,0.05679078489150817,8346,3521,3733,0.44728013419602203
Gjirokaster,Permet,Petran,0.49702380952380953,0.4236111111111111,1.1733021077283372,0.07936507936507936,0.04182509505703422,2525,1008,1052,0.4166336633663366
Gjirokaster,Permet,Qender-Piskove,0.5846560846560847,0.26455026455026454,2.21,0.15079365079365079,0.04465037910699242,2548,1134,1187,0.46585557299843017
Gjirokaster,Tepelene,Kurvelesh,0.6046511627906976,0.2854122621564482,2.1185185185185187,0.10993657505285412,0.061507936507936505,1074,473,504,0.4692737430167598
Gjirokaster,Tepelene,Lopes,0.5741127348643006,0.3569937369519833,1.608187134502924,0.06889352818371608,0.030364372469635626,935,479,494,0.5283422459893048
Gjirokaster,Tepelene,Qender-Tepelene,0.5929158110882957,0.188911704312115,3.1385869565217392,0.21817248459958932,0.05252918287937743,4292,1948,2056,0.4790307548928239
Gjirokaster,Tepelene,Tepelene,0.5804597701149425,0.25625422582826235,2.2651715039577835,0.16328600405679514,0.05313700384122919,6506,2958,3124,0.4801721487857362
Korce,Devoll,Bilisht,0.45518763796909495,0.43289183222958055,1.0515043345232025,0.1119205298013245,0.03596509895722494,8594,4530,4699,0.5467768210379335
Korce,Devoll,Hocisht,0.4531365313653137,0.4527675276752767,1.0008149959250203,0.0940959409594096,0.037983670571529994,5429,2710,2817,0.5188800884140726
Korce,Devoll,Miras,0.472987012987013,0.4503896103896104,1.0501730103806228,0.07662337662337662,0.038221333999500375,7868,3850,4003,0.5087697000508389
Korce,Devoll,Proger,0.4010965837199494,0.5183466891606917,0.7737998372660699,0.08055672711935892,0.04085760517799353,4770,2371,2472,0.5182389937106918
Korce,Devoll,Qender-Bilisht,0.4431079323797139,0.47724317295188556,0.9284741144414169,0.07964889466840051,0.0491499227202473,6980,3076,3235,0.46346704871060174
Korce,Kolonje,Barmash,0.5415162454873647,0.33212996389891697,1.6304347826086956,0.1263537906137184,0.04152249134948097,546,277,289,0.5293040293040293
Korce,Kolonje,Clirim,0.7062146892655368,0.1751412429378531,4.032258064516129,0.11864406779661017,0.06842105263157895,495,177,190,0.3838383838383838
Korce,Kolonje,Erseke,0.5723395775209247,0.2754085292945397,2.0781476121562954,0.15225189318453566,0.06450410141685309,5473,2509,2682,0.4900420244838297
Korce,Kolonje,Leskovik,0.46938775510204084,0.4467120181405896,1.0507614213197969,0.08390022675736962,0.05970149253731343,2258,882,938,0.4154118689105403
Korce,Kolonje,Mollas (KO),0.4784995425434584,0.4455626715462031,1.0739219712525667,0.07593778591033852,0.044580419580419584,2638,1093,1144,0.4336618650492798
Korce,Kolonje,Novosele (KO),0.6456692913385826,0.24803149606299213,2.6031746031746033,0.1062992125984252,0.07971014492753623,436,254,276,0.6330275229357798
Korce,Kolonje,Qender-Erseke,0.5009683666881859,0.32020658489347964,1.564516129032258,0.1788250484183344,0.06911057692307693,3146,1549,1664,0.5289256198347108
Korce,Kolonje,Qender-Leskovik,0.5777777777777777,0.3333333333333333,1.7333333333333334,0.08888888888888889,0.0625,339,135,144,0.4247787610619469
Korce,Korce,Drenove,0.5018425460636516,0.385929648241206,1.3003472222222223,0.11222780569514237,0.0448,8918,2985,3125,0.3504148912312178
Korce,Korce,Lekas,0.625,0.21120689655172414,2.9591836734693877,0.16379310344827586,0.07936507936507936,667,232,252,0.3778110944527736
Korce,Korce,Mollaj,0.4759725400457666,0.41327231121281466,1.1517165005537098,0.11075514874141876,0.07610993657505286,5702,2185,2365,0.41476674850929496
Korce,Korce,Qender-Bulgarec,0.44600760456273764,0.4806083650190114,0.928006329113924,0.07338403041825095,0.04934032170612687,11134,5260,5533,0.496946290641279
Korce,Korce,Vithkuq,0.5813559322033899,0.3288135593220339,1.768041237113402,0.08983050847457627,0.07523510971786834,1270,590,638,0.5023622047244094
Korce,Korce,Voskop,0.4313984168865435,0.4916446789797713,0.8774597495527728,0.07695690413368514,0.047339757017176375,4633,2274,2387,0.5152169220807252
Korce,Korce,Voskopoje,0.453781512605042,0.39775910364145656,1.1408450704225352,0.1484593837535014,0.04672897196261682,1857,714,749,0.403338718362951
Korce,Korce,Korce,0.4815998911638664,0.40932589619753756,1.1765683423348567,0.10907421263859601,0.0366948430640194,75079,29402,30522,0.4065317865182008
Korce,Maliq,Gore,0.4744136460554371,0.46588486140724944,1.0183066361556063,0.05970149253731343,0.03597122302158273,1718,938,973,0.5663562281722934
Korce,Maliq,Libonik,0.58288148721921,0.34024012393493414,1.7131474103585658,0.07687838884585592,0.058351568198395334,10908,5164,5484,0.5027502750275028
Korce,Maliq,Maliq,0.6156375593715747,0.30434782608695654,2.0228091236494596,0.08001461454146876,0.05653223026542571,6376,2737,2901,0.4549874529485571
Korce,Maliq,Moglice,0.6921529175050302,0.2655935613682093,2.606060606060606,0.04225352112676056,0.062264150943396226,1021,497,530,0.5190989226248776
Korce,Maliq,Pirg,0.4734382685686178,0.4350713231677324,1.0881854154889767,0.09149040826364978,0.049555867227676485,7652,4066,4278,0.5590695243073707
Korce,Maliq,Pojan,0.4436540016168149,0.46289409862570735,0.9584352078239609,0.09345189975747777,0.053268023878769326,13438,6185,6533,0.4861586545616907
Korce,Maliq,Vreshtas,0.5105008077544426,0.4106085083467959,1.2432786885245901,0.07889068389876144,0.07726708074534161,8150,3714,4025,0.4938650306748466
Korce,Pogradec,Bucimas,0.39442896935933147,0.4806406685236769,0.8206317009562446,0.12493036211699164,0.08836973082783138,15168,7180,7876,0.5192510548523207
Korce,Pogradec,Cerrave,0.43848834092736533,0.43688019297775393,1.003680981595092,0.12463146609488072,0.09044368600682594,7462,3731,4102,0.549718574108818
Korce,Pogradec,Dardhas,0.44076923076923075,0.45384615384615384,0.9711864406779661,0.10538461538461538,0.0953375086986778,2678,1300,1437,0.5365944734876774
Korce,Pogradec,Porgradec,0.5366377595671891,0.35746678335587556,1.5012241264188737,0.10589545707693532,0.06424955330553901,32073,12569,13432,0.4187946247622611
Korce,Pogradec,Proptisht,0.6031976744186046,0.3013565891472868,2.0016077170418005,0.09544573643410853,0.08914386584289496,4484,2064,2266,0.5053523639607493
Korce,Pogradec,Trebinje,0.5168539325842697,0.3391215526046987,1.5240963855421688,0.14402451481103168,0.10018382352941177,2355,979,1088,0.46199575371549895
Korce,Pogradec,Udenisht,0.5102785145888594,0.3730106100795756,1.368,0.11671087533156499,0.08964684575913069,5977,3016,3313,0.5542914505604819
Korce,Pogradec,Velcan,0.5747232472324724,0.24538745387453875,2.3421052631578947,0.17988929889298894,0.11074651353568499,2305,1084,1219,0.5288503253796095
Korce,Pustec,Pustec,0.5655577299412916,0.3085453359425962,1.8329809725158563,0.1258969341161122,0.045454545454545456,4366,1533,1606,0.3678424186898763
Kukes,Has,Fajze,0.36329866270430905,0.62555720653789,0.5807600950118765,0.011144130757800892,0.05808257522743177,3175,1346,1429,0.45007874015748034
Kukes,Has,Gjinaj,0.34748010610079577,0.6445623342175066,0.5390946502057613,0.007957559681697613,0.09808612440191387,823,377,418,0.5078979343863913
Kukes,Has,Golaj,0.3441324694024478,0.6447084233261339,0.5337800111669458,0.011159107271418287,0.0440467997247075,6004,2778,2906,0.48401065956029315
Kukes,Has,Krume,0.36174430128840435,0.6276841757515692,0.5763157894736842,0.010571522960026428,0.07232608029420778,6126,3027,3263,0.5326477309826967
Kukes,Kukes,Arren,0.4968553459119497,0.4968553459119497,1,0.006289308176100629,0.012422360248447204,316,159,161,0.509493670886076
Kukes,Kukes,Bicaj,0.36685369011653,0.614156236512732,0.5973295853829936,0.018990073370738023,0.046502057613168724,4473,2317,2430,0.5432595573440644
Kukes,Kukes,Bushtrice,0.5623762376237624,0.4198019801980198,1.3396226415094339,0.01782178217821782,0.02697495183044316,1046,505,519,0.4961759082217973
Kukes,Kukes,Gryke Caje,0.2789115646258503,0.6802721088435374,0.41,0.04081632653061224,0.045454545454545456,1169,441,462,0.39520958083832336
Kukes,Kukes,Kalis,0.4421768707482993,0.5408163265306123,0.8176100628930818,0.017006802721088437,0.036065573770491806,626,294,305,0.48722044728434505
Kukes,Kukes,Kolsh Kukes,0.2883895131086142,0.6835205992509363,0.42191780821917807,0.028089887640449437,0.05653710247349823,1060,534,566,0.5339622641509434
Kukes,Kukes,Kukes,0.3621220159151194,0.6129442970822281,0.5907910680283884,0.02493368700265252,0.05352480417754569,18360,9425,9958,0.5423747276688453
Kukes,Kukes,Malzi,0.35894941634241245,0.6254863813229572,0.5738724727838258,0.01556420233463035,0.04814814814814815,2584,1028,1080,0.4179566563467492
Kukes,Kukes,Shishtavec,0.5614275909402883,0.4317089910775566,1.3004769475357711,0.0068634179821551134,0.033819628647214856,3828,1457,1508,0.3939393939393939
Kukes,Kukes,Shtiqen,0.34212454212454213,0.6373626373626373,0.5367816091954023,0.020512820512820513,0.04411764705882353,2752,1365,1428,0.5188953488372093
Kukes,Kukes,Surroj,0.30297723292469353,0.6567425569176882,0.4613333333333333,0.040280210157618214,0.06085526315789474,1196,571,608,0.5083612040133779
Kukes,Kukes,Terthore,0.3140016570008285,0.6727423363711682,0.4667487684729064,0.013256006628003313,0.03977724741447892,2391,1207,1257,0.5257214554579673
Kukes,Kukes,Topojan,0.32861635220125784,0.6509433962264151,0.5048309178743962,0.020440251572327043,0.05637982195845697,1607,636,674,0.4194150591163659
Kukes,Kukes,Ujmisht,0.35984354628422427,0.6075619295958279,0.592274678111588,0.03259452411994785,0.03884711779448621,1593,767,798,0.5009416195856874
Kukes,Kukes,Zapod,0.5140056022408963,0.45938375350140054,1.1189024390243902,0.02661064425770308,0.045454545454545456,1880,714,748,0.39787234042553193
Kukes,Tropoje,Bajram Curri,0.34285714285714286,0.6370748299319728,0.5381740523224773,0.020068027210884354,0.05799423261775072,6570,2940,3121,0.4750380517503805
Kukes,Tropoje,Bujan,0.28020833333333334,0.7020833333333333,0.3991097922848665,0.017708333333333333,0.058823529411764705,2192,960,1020,0.4653284671532847
Kukes,Tropoje,Bytyc,0.2698170731707317,0.7149390243902439,0.3773987206823028,0.01524390243902439,0.06685633001422475,1609,656,703,0.43691733996270976
Kukes,Tropoje,Fierze (KU),0.35017221584385766,0.634902411021814,0.5515370705244123,0.014925373134328358,0.062432723358449946,1840,871,929,0.5048913043478261
Kukes,Tropoje,Lekbibaj,0.3569937369519833,0.6200417536534447,0.5757575757575758,0.022964509394572025,0.07528957528957529,1284,479,518,0.40342679127725856
Kukes,Tropoje,Llugaj,0.4021024967148489,0.5873850197109067,0.6845637583892618,0.010512483574244415,0.08313253012048193,1709,761,830,0.48566413107080164
Kukes,Tropoje,Margegaj,0.3133208255159475,0.6716697936210131,0.4664804469273743,0.0150093808630394,0.05913503971756399,2468,1066,1133,0.4590761750405186
Kukes,Tropoje,Tropoje,0.26531645569620255,0.7159493670886076,0.37057991513437055,0.018734177215189874,0.04681467181467181,4346,1975,2072,0.4767602393005062
Lezhe,Kurbin,Fushe Kuqe,0.2663871951219512,0.5967987804878049,0.446360153256705,0.1368140243902439,0.07540521494009866,7051,2624,2838,0.40249609984399376
Lezhe,Kurbin,Lac,0.3714437932871604,0.4897176345231753,0.758485639686684,0.13883857218966436,0.07454886105906715,23532,9385,10141,0.43094509603943565
Lezhe,Kurbin,Mamurras,0.27742616033755274,0.5491824894514767,0.5051620648259304,0.17339135021097046,0.06841911313106498,17870,7584,8141,0.4555679910464466
Lezhe,Kurbin,Milot,0.25473441108545036,0.5882217090069284,0.43305850019630937,0.15704387990762125,0.06640793445450625,9166,4330,4638,0.5060004363953742
Lezhe,Lezhe,Balldre,0.4224782067247821,0.4392901618929016,0.9617292700212615,0.1382316313823163,0.06952491309385864,8515,3212,3452,0.40540223135642983
Lezhe,Lezhe,Lezhe,0.4472959685349066,0.40058997050147493,1.116593028964163,0.15211406096361849,0.05894327750532063,24906,10170,10807,0.43391150726732514
Lezhe,Lezhe,Shengjin,0.45815079548074705,0.43048189993082775,1.0642742367434386,0.11136730458842518,0.05553135888501742,10468,4337,4592,0.43867023309132597
Lezhe,Lezhe,Blinisht,0.5386922615476905,0.3797240551889622,1.4186413902053712,0.08158368326334733,0.06031567080045096,4465,1667,1774,0.3973124300111982
Lezhe,Lezhe,Dajc (LE),0.4224548049476689,0.49571836346336823,0.8522072936660269,0.0818268315889629,0.07073386383731212,5853,2102,2262,0.38646847770374165
Lezhe,Lezhe,Kallmet,0.37321516494337764,0.3806006893156081,0.9805950840879689,0.24618414574101427,0.06706476802939826,5671,2031,2177,0.3838829130664786
Lezhe,Lezhe,Kolsh,0.42081632653061224,0.46408163265306124,0.9067722075637643,0.11510204081632654,0.08308383233532934,5798,2450,2672,0.4608485684718869
Lezhe,Lezhe,Shenkoll,0.379601226993865,0.4854294478527607,0.7819905213270142,0.13496932515337423,0.07369916533475404,13167,5216,5631,0.42766005923900663
Lezhe,Lezhe,Ungrej,0.43815028901734104,0.47167630057803467,0.928921568627451,0.09017341040462427,0.07188841201716738,2063,865,932,0.4517692680562288
Lezhe,Lezhe,Zejmen,0.3649953285580816,0.4194954842728122,0.8700816629547142,0.2155091871691062,0.0749063670411985,7406,3211,3471,0.46867404806913315
Lezhe,Mirdite,Fan,0.43439490445859874,0.4859872611464968,0.8938401048492791,0.07961783439490445,0.057623049219687875,3193,1570,1666,0.5217663639210773
Lezhe,Mirdite,Kacinar,0.4007155635062612,0.5277280858676208,0.7593220338983051,0.07155635062611806,0.04280821917808219,1331,559,584,0.4387678437265214
Lezhe,Mirdite,Kthelle,0.3568738229755179,0.4717514124293785,0.7564870259481038,0.1713747645951036,0.049239033124440466,2400,1062,1117,0.46541666666666665
Lezhe,Mirdite,Orosh,0.4103547459252157,0.4669223394055609,0.8788501026694046,0.12272291466922339,0.056108597285067875,2355,1043,1105,0.4692144373673036
Lezhe,Mirdite,Rreshen,0.375071907957814,0.4619367209971237,0.8119551681195517,0.1629913710450623,0.041007723427730784,11190,5215,5438,0.48596961572832886
Lezhe,Mirdite,Rubik,0.4016753091344236,0.45672118069405665,0.879475982532751,0.14160351017151973,0.042764413898434515,6231,2507,2619,0.4203177660086663
Lezhe,Mirdite,Selite,0.3594306049822064,0.5302491103202847,0.6778523489932886,0.1103202846975089,0.049069373942470386,1268,562,591,0.46608832807570977
Shkoder,Fushe Arrez,Blerim,0.34375,0.4495192307692308,0.7647058823529411,0.20673076923076922,0.060948081264108354,1010,416,443,0.4386138613861386
Shkoder,Fushe Arrez,Fierze (ShK),0.31715210355987056,0.26537216828478966,1.1951219512195121,0.4174757281553398,0.04923076923076923,1423,618,650,0.4567814476458187
Shkoder,Fushe Arrez,Fushe Arrez,0.34952038369304556,0.4226618705035971,0.826950354609929,0.2278177458033573,0.0570944036178632,3534,1668,1769,0.5005659309564233
Shkoder,Fushe Arrez,Iballe,0.4072249589490969,0.4630541871921182,0.8794326241134752,0.1297208538587849,0.06451612903225806,1266,609,651,0.514218009478673
Shkoder,Fushe Arrez,Qafe-Mali,0.3069016152716593,0.43171806167400884,0.7108843537414966,0.26138032305433184,0.07598371777476255,1453,681,737,0.5072264280798349
Shkoder,Malesi e Madhe,Gruemire,0.4034235484617164,0.36872542216053666,1.0941028858218318,0.22785102937774693,0.07726787620064034,11706,4323,4685,0.4002221083205194
Shkoder,Malesi e Madhe,Kastrat,0.412507339988256,0.48884321785085144,0.8438438438438438,0.09864944216089254,0.06812585499316005,10185,3406,3655,0.3588610702012764
Shkoder,Malesi e Madhe,Kelmend,0.39844851904090267,0.47531734837799716,0.8382789317507419,0.12623413258110014,0.08220064724919093,5149,1418,1545,0.3000582637405321
Shkoder,Malesi e Madhe,Koplik,0.4241274658573596,0.4279210925644917,0.9911347517730497,0.1479514415781487,0.07052186177715092,7493,2636,2836,0.37848658748164954
Shkoder,Malesi e Madhe,Qender-Malesi e Madhe,0.3586463062319439,0.5146512587701196,0.6968724939855654,0.12670243499793643,0.08875517111696127,5685,2423,2659,0.4677220756376429
Shkoder,Malesi e Madhe,Shkrel,0.44565217391304346,0.425,1.0485933503836318,0.12934782608695652,0.08548707753479125,5049,1840,2012,0.3984947514359279
Shkoder,Puke,Gjegjan,0.5423728813559322,0.3247457627118644,1.6701461377870563,0.13288135593220338,0.06704617330803289,2826,1475,1581,0.559447983014862
Shkoder,Puke,Puke,0.41879944160074456,0.40390879478827363,1.0368663594470047,0.17729176361098184,0.044464206313917294,4055,2149,2249,0.5546239210850802
Shkoder,Puke,Qelez,0.47119815668202764,0.3617511520737327,1.302547770700637,0.16705069124423963,0.05032822757111598,1686,868,914,0.5421115065243179
Shkoder,Puke,Qerret,0.4349726775956284,0.40437158469945356,1.0756756756756756,0.16065573770491803,0.06153846153846154,2079,915,975,0.468975468975469
Shkoder,Puke,Rrape,0.5278246205733558,0.3086003372681282,1.710382513661202,0.163575042158516,0.060221870047543584,1183,593,631,0.5333896872358411
Shkoder,Shkoder,Ana Malit,0.23955147808358818,0.3924566768603466,0.6103896103896104,0.36799184505606525,0.042926829268292686,4820,1962,2050,0.42531120331950206
Shkoder,Shkoder,Berdice,0.2722063037249284,0.43361986628462273,0.6277533039647577,0.2941738299904489,0.045288753799392095,7642,3141,3290,0.4305155718398325
Shkoder,Shkoder,Dajc (ShK),0.285792349726776,0.5234972677595628,0.545929018789144,0.1907103825136612,0.0483619344773791,7261,1830,1923,0.264839553780471
Shkoder,Shkoder,Gur I Zi,0.14934077079107505,0.4183569979716024,0.356969696969697,0.43230223123732253,0.05960896518836433,9119,3944,4194,0.45991885075117883
Shkoder,Shkoder,Postribe,0.26391693106432074,0.5041822901644073,0.5234553775743707,0.231900778771272,0.047527472527472525,8772,3467,3640,0.41495668034655725
Shkoder,Shkoder,Pult,0.19858156028368795,0.3971631205673759,0.5,0.40425531914893614,0.05622489959839357,2098,705,747,0.35605338417540516
Shkoder,Shkoder,Rrethinat,0.2148667250656989,0.41196345889125263,0.5215674362089915,0.37316981604304844,0.06109740336035718,21022,7991,8511,0.4048615735895728
Shkoder,Shkoder,Shale,0.3516339869281046,0.36470588235294116,0.96415770609319,0.28366013071895424,0.0449438202247191,2916,765,801,0.27469135802469136
Shkoder,Shkoder,Shosh,0.2993421052631579,0.39473684210526316,0.7583333333333333,0.3059210526315789,0.0379746835443038,839,304,316,0.3766388557806913
Shkoder,Shkoder,Velipoje,0.3915397631133672,0.3431472081218274,1.141025641025641,0.2653130287648054,0.05318808074335149,7639,2955,3121,0.40856133001701794
Shkoder,Shkoder,Shkoder,0.23358598791355117,0.47167878725801493,0.49522258414766557,0.2947352248284339,0.04183330470839365,94855,39052,40757,0.42967687523061515
Shkoder,Vau Dejes,Bushat,0.20725978647686832,0.41338078291814945,0.5013774104683195,0.37935943060498223,0.053362080582131786,19328,7025,7421,0.3839507450331126
Shkoder,Vau Dejes,Hajmel,0.27846425419240955,0.4390997352162401,0.6341708542713568,0.2824360105913504,0.0474989491382934,5267,2266,2379,0.4516802734004177
Shkoder,Vau Dejes,Shllak,0.02847571189279732,0.47571189279731996,0.05985915492957746,0.49581239530988275,0.04019292604501608,1381,597,622,0.4503982621288921
Shkoder,Vau Dejes,Temal,0.15155440414507773,0.3911917098445596,0.38741721854304634,0.4572538860103627,0.05968331303288672,1586,772,821,0.5176544766708702
Shkoder,Vau Dejes,Vau Dejes,0.3320121240382374,0.3749125670319422,0.8855721393034826,0.2930753089298205,0.06781134535970441,10130,4289,4601,0.4541954590325765
Shkoder,Vau Dejes,Vig-Mnele,0.1224188790560472,0.4174041297935103,0.29328621908127206,0.46017699115044247,0.04372355430183357,1621,678,709,0.43738433066008636
Tirane,Kamez,Kamez,0.37692833576078233,0.5031953155188301,0.7490696438064859,0.1198763487203876,0.05081254937365986,67992,33643,35444,0.5212966231321332
Tirane,Kamez,Paskuqan,0.3737798720969371,0.4956243688993605,0.7541595925297113,0.13059575900370246,0.04212788823213326,35437,17826,18610,0.5251573214436888
Tirane,Kavaje,Golem (TR),0.4843788437884379,0.43050430504305043,1.1251428571428572,0.08511685116851168,0.042177191328934965,10416,4065,4244,0.4074500768049155
Tirane,Kavaje,Helmes,0.4795361527967258,0.4249658935879945,1.1284109149277688,0.09549795361527967,0.032981530343007916,3939,1466,1516,0.38486925615638484
Tirane,Kavaje,Kavaje,0.43040529630227675,0.45898595188115615,0.937730870712401,0.1106087518165671,0.03783111939718791,33126,12386,12873,0.38860713638833544
Tirane,Kavaje,Luz I Vogel,0.511400651465798,0.44439274080967894,1.1507853403141362,0.044206607724523034,0.046583850931677016,8366,2149,2254,0.26942385847477884
Tirane,Kavaje,Synej,0.5012165450121655,0.4468775344687753,1.1215970961887478,0.05190592051905921,0.04640371229698376,8882,2466,2586,0.2911506417473542
Tirane,Rrogozhine,Gose,0.4781997187060478,0.4388185654008439,1.0897435897435896,0.0829817158931083,0.05368234250221828,6732,2133,2254,0.33481877599524656
Tirane,Rrogozhine,Kryevidh,0.4184432325235498,0.3430837878036688,1.2196531791907514,0.23847297967278136,0.04089396100808369,7127,2017,2103,0.29507506664795846
Tirane,Rrogozhine,Lekaj,0.4602197802197802,0.4501098901098901,1.0224609375,0.08967032967032967,0.05719021964359718,7340,2275,2413,0.3287465940054496
Tirane,Rrogozhine,Rrogozhine,0.5816831683168316,0.3149064906490649,1.8471615720524017,0.1034103410341034,0.04692005242463958,9508,3636,3815,0.4012410601598654
Tirane,Rrogozhine,Sinaballaj,0.6015473887814313,0.2940038684719536,2.0460526315789473,0.10444874274661509,0.04081632653061224,1289,517,539,0.4181536074476338
Tirane,Tirane,Baldushk,0.4668697638994669,0.41012947448591014,1.138347260909935,0.123000761614623,0.046131492916818014,4131,2626,2753,0.6664245945291697
Tirane,Tirane,Kashar,0.5192615089514067,0.34954443734015345,1.4855378987081285,0.1311940537084399,0.042766429500420776,40748,25024,26142,0.6415529596544616
Tirane,Tirane,Ndroq,0.5445251546946462,0.3470540758676352,1.5689922480620155,0.10842076943771858,0.06818751566808724,7302,3717,3989,0.5462886880306765
Tirane,Tirane,Petrele,0.5889518413597734,0.3560906515580737,1.6539379474940334,0.054957507082152975,0.051075268817204304,5222,3530,3720,0.7123707391803906
Tirane,Tirane,Peze,0.5996551724137931,0.3106896551724138,1.9300776914539401,0.0896551724137931,0.07496012759170653,4672,2900,3135,0.6710188356164384
Tirane,Tirane,Vaqarr,0.5208248264597795,0.3868926092282564,1.3461741424802112,0.09228256431196406,0.06633625619519634,7791,4898,5246,0.6733410345270183
Tirane,Tirane,Berzhite,0.6278011204481793,0.27976190476190477,2.244055068836045,0.09243697478991597,0.05680317040951123,4594,2856,3028,0.6591205920766217
Tirane,Tirane,Dajt,0.505691191026064,0.330996370834708,1.5277846997258908,0.16331243813922797,0.0429428481212504,19928,12124,12668,0.6356884785226816
Tirane,Tirane,Farke,0.5182360742705571,0.36795424403183025,1.4084253210182474,0.11380968169761273,0.037037037037037035,18277,12064,12528,0.6854516605569841
Tirane,Tirane,Krrabe,0.7249466950959488,0.21606254442075337,3.3552631578947367,0.058990760483297794,0.05379959650302623,2381,1407,1487,0.6245275094498111
Tirane,Tirane,Shengjergj,0.4824961948249619,0.4132420091324201,1.167587476979742,0.10426179604261795,0.05467625899280575,1991,1314,1390,0.6981416373681567
Tirane,Tirane,Zall Bastar,0.5111624326404927,0.35719784449576597,1.4310344827586208,0.13163972286374134,0.048700109849871845,3852,2598,2731,0.7089823468328141
Tirane,Tirane,Zall Herr,0.6166255456443348,0.3011956728031885,2.047258979206049,0.08217878155247675,0.0632888888888889,9039,5269,5625,0.6223033521407235
Tirane,Tirane,Njesia Nr. 1,0.5236144356472104,0.34694347265696923,1.5092211755340321,0.1294420916958203,0.03973831940945056,41790,21724,22623,0.5413496051687007
Tirane,Tirane,Njesia Nr. 2,0.4796070423312545,0.3951377007561124,1.2137719114463301,0.12525525691263314,0.029226606659701573,67552,36238,37329,0.552596518237802
Tirane,Tirane,Njesia Nr. 3,0.48627681771975817,0.36525600556417526,1.331331477955178,0.14846717671606655,0.0335074202388955,37427,18691,19339,0.5167125337323323
Tirane,Tirane,Njesia Nr. 4,0.49440093970242754,0.37361002349256067,1.3233074827080276,0.13198903680501176,0.04013830426939266,52562,25540,26608,0.5062212244587344
Tirane,Tirane,Njesia Nr. 5,0.5197574636452392,0.3397821283592827,1.5296786389413988,0.14046040799547813,0.025927223584764004,71200,38922,39958,0.5612078651685394
Tirane,Tirane,Njesia Nr. 6,0.536461199779857,0.34376719867914146,1.5605363217930759,0.11977160154100165,0.04141387496702717,56854,29072,30328,0.5334365216167728
Tirane,Tirane,Njesia Nr. 7,0.48816241413150147,0.38827894995093226,1.2572466629808072,0.12355863591756625,0.029234891336707352,61709,32608,33590,0.5443290281806543
Tirane,Tirane,Njesia Nr. 8,0.4286281404185334,0.44921454091759766,0.9541724529731095,0.12215731866386888,0.021095875201243546,34033,17633,18013,0.5292804043134605
Tirane,Tirane,Njesia Nr. 9,0.47140549273021004,0.4160832884580865,1.1329594477998275,0.11251121881170346,0.03193855564050879,52717,27855,28774,0.5458201339226435
Tirane,Tirane,Njesia Nr. 10,0.5015865063460254,0.3799265197060788,1.3202197802197801,0.11848697394789579,0.00992063492063492,23597,11976,12096,0.5126075348561258
Tirane,Tirane,Njesia Nr. 11,0.4538382154481226,0.4308962451377312,1.0532424465733234,0.11526553941414623,0.03982621288921072,50918,25194,26239,0.5153187477905652
Tirane,Vore,Berxull,0.3752144082332762,0.4914236706689537,0.7635253054101222,0.13336192109777015,0.04465383039737812,8569,4664,4882,0.5697280896253939
Tirane,Vore,Preze,0.6080202312138728,0.33489884393063585,1.8155339805825244,0.05708092485549133,0.048143053645116916,5396,2768,2908,0.5389177168272795
Tirane,Vore,Vore,0.6072507552870091,0.3004229607250755,2.0213193885760257,0.09232628398791541,0.049724391364262745,16088,8275,8708,0.5412729985082049
Vlore,Delvine,Delvine,0.5157459989674755,0.3477026329375323,1.4832962138084633,0.13655136809499224,0.05970873786407767,11881,3874,4120,0.3467721572258227
Vlore,Delvine,Vergo,0.5539170506912442,0.31981566820276497,1.7319884726224783,0.12626728110599078,0.0638481449525453,2963,1085,1159,0.39115761052986836
Vlore,Finiq,Aliko,0.42759795570698467,0.4957410562180579,0.8625429553264605,0.07666098807495741,0.04862236628849271,5108,587,617,0.12079091620986687
Vlore,Finiq,Dhiver,0.6656,0.2528,2.632911392405063,0.0816,0.07817109144542773,5554,625,678,0.12207418077061577
Vlore,Finiq,Finiq,0.5723951285520974,0.2882273342354533,1.9859154929577465,0.13937753721244925,0.060991105463786534,5426,739,787,0.1450423884998157
Vlore,Finiq,Livadhja,0.5502861815208504,0.3793949304987735,1.4504310344827587,0.07031888798037612,0.07348484848484849,9046,1223,1320,0.14592084899403052
Vlore,Finiq,Mesopotam,0.5555555555555556,0.36953807740324596,1.5033783783783783,0.0749063670411985,0.05875440658049354,5742,801,851,0.14820619993033787
Vlore,Himare,Himare,0.5429141716566867,0.39241516966067863,1.3835198372329602,0.06467065868263473,0.011444356748224152,12042,2505,2534,0.21043016110280685
Vlore,Himare,Hore Vranisht,0.8097072419106317,0.11556240369799692,7.006666666666667,0.07473035439137134,0.02625656414103526,2811,1298,1333,0.47420846673781575
Vlore,Himare,Lukove,0.529923273657289,0.36879795396419435,1.4368932038834952,0.10127877237851662,0.02977667493796526,7977,1955,2015,0.2526012285320296
Vlore,Konispol,Konsipol,0.6110716820440029,0.35060326472675657,1.742914979757085,0.0383250532292406,0.05815508021390375,2459,1409,1496,0.6083773891825945
Vlore,Konispol,Markat,0.5865128660159716,0.38864241348713396,1.5091324200913243,0.024844720496894408,0.06239600665557404,2435,1127,1202,0.49363449691991784
Vlore,Konispol,Xarre,0.5140794223826715,0.3046931407942238,1.6872037914691944,0.1812274368231047,0.07419786096256685,6447,1385,1496,0.23204591282767179
Vlore,Sarande,Ksamil,0.5348334054521852,0.337083513630463,1.5866495507060334,0.1280830809173518,0.05014385532264694,7243,2311,2433,0.335910534308988
Vlore,Sarande,Sarande,0.5232585783342578,0.33925033679372374,1.54239663629993,0.1374910848720184,0.048699585375047115,39846,12619,13265,0.3329066907594238
Vlore,Selenice,Armen,0.6118493909191584,0.28903654485049834,2.1168582375478926,0.0991140642303433,0.058394160583941604,5228,1806,1918,0.36687069625095636
Vlore,Selenice,Brataj,0.6163101604278075,0.2787433155080214,2.211031175059952,0.10494652406417113,0.0573408947700063,3572,1496,1587,0.4442889137737962
Vlore,Selenice,Kote,0.6308724832214765,0.30393096836049854,2.0757097791798107,0.06519654841802493,0.033364226135310475,5052,2086,2158,0.4271575613618369
Vlore,Selenice,Selenice,0.6053008595988538,0.32593123209169056,1.8571428571428572,0.06876790830945559,0.05548037889039242,5463,1396,1478,0.2705473183232656
Vlore,Selenice,Sevaster,0.5117845117845118,0.3872053872053872,1.3217391304347825,0.10101010101010101,0.05813953488372093,2258,891,946,0.41895482728077943
Vlore,Selenice,Vllahine,0.600842302292934,0.33692091717360784,1.7833333333333334,0.062236780533458116,0.04683318465655665,5283,2137,2242,0.4243800870717395
Vlore,Vlore,Novosele (VL),0.6131315596778131,0.3029045643153527,2.024174053182917,0.08396387600683426,0.0572940635066728,13461,4097,4346,0.3228586286308595
Vlore,Vlore,Orikum,0.5732153752287981,0.2806589383770592,2.042391304347826,0.14612568639414278,0.049303944315545245,9333,3278,3448,0.3694417657773492
Vlore,Vlore,Qender-Vlore,0.5811985898942421,0.318213866039953,1.826440177252585,0.10058754406580493,0.05149353544360232,15191,4255,4486,0.2953064314396682
Vlore,Vlore,Shushice,0.6416412047140987,0.25578350065473593,2.508532423208191,0.10257529463116544,0.05134575569358178,7561,2291,2415,0.3194021954767888
Vlore,Vlore,Vlore,0.5920666562143033,0.30349183595762314,1.950848708487085,0.10444150782807356,0.03618073095438551,119046,44647,46323,0.38911849201149135
