District,Municipality,Administrative Unit,PS,PD,Other Parties,Invalid Ballots,Eligible Voters,Total Eligible Votes,Total Votes,Turnout
Berat,Berat,Berat,11312,7214,2255,1159,52154,20781,21940,0.4206772251409288
Berat,Berat,Otllak,2673,1726,638,347,12029,5037,5384,0.44758500290963504
Berat,Berat,Roshnik,830,311,84,114,2857,1225,1339,0.46867343367168357
Berat,Berat,Sinje,1041,516,253,165,3908,1810,1975,0.5053735926305015
Berat,Berat,Velabisht,2446,1100,525,413,9397,4071,4484,0.47717356603171224
Berat,Kucove,Kozare,1441,1198,275,222,6465,2914,3136,0.4850734725444702
Berat,Kucove,Kucove,4728,2517,900,449,24378,8145,8594,0.3525309705472147
Berat,Kucove,Lumas,1145,641,213,118,5372,1999,2117,0.39408041697691737
Berat,Kucove,Perondi,2085,1002,576,263,8688,3663,3926,0.4518876611418048
Berat,Polican,Polican,1720,344,591,151,6179,2655,2806,0.4541187894481308
Berat,Polican,Terpan,449,107,144,46,1692,700,746,0.44089834515366433
Berat,Polican,Vertop,1702,594,217,160,5309,2513,2673,0.5034846487097382
Berat,Skrapar,Bogove,201,119,149,39,1237,469,508,0.4106709781729992
Berat,Skrapar,Cepan,157,45,174,19,758,376,395,0.521108179419525
Berat,Skrapar,Corovode,1281,282,889,152,4701,2452,2604,0.5539246968730057
Berat,Skrapar,Gjerbes,186,65,83,25,814,334,359,0.44103194103194104
Berat,Skrapar,Leshnje,172,20,96,11,516,288,299,0.5794573643410853
Berat,Skrapar,Potom,358,26,101,18,793,485,503,0.6343001261034048
Berat,Skrapar,Qender-Skrapar,780,165,526,110,3096,1471,1581,0.5106589147286822
Berat,Skrapar,Vendresh,262,38,187,29,939,487,516,0.549520766773163
Berat,Skrapar,Zhepe,150,16,102,24,720,268,292,0.40555555555555556
Berat,Ura Vajgurore,Cukalat,703,634,112,139,3237,1449,1588,0.4905776953969725
Berat,Ura Vajgurore,Kutalli,2478,1738,483,441,10339,4699,5140,0.4971467259889738
Berat,Ura Vajgurore,Poshnje,1812,1446,332,322,8220,3590,3912,0.4759124087591241
Berat,Ura Vajgurore,Ura Vajgurore,2243,1174,339,356,9321,3756,4112,0.4411543825769767
Diber,Bulqize,Bulqize,1861,1439,1051,476,9158,4351,4827,0.5270801485040402
Diber,Bulqize,Fushe Bulqize,605,528,405,193,2992,1538,1731,0.578542780748663
Diber,Bulqize,Gjorice,839,756,138,160,3946,1733,1893,0.47972630511910797
Diber,Bulqize,Martanesh,420,205,91,63,1660,716,779,0.46927710843373494
Diber,Bulqize,Ostren,604,572,55,89,2371,1231,1320,0.5567271193589203
Diber,Bulqize,Shupenze,1154,936,259,187,5019,2349,2536,0.5052799362422793
Diber,Bulqize,Trebisht,261,123,13,13,772,397,410,0.5310880829015544
Diber,Bulqize,Zerqan,679,819,233,181,3667,1731,1912,0.5214071448050177
Diber,Diber,Arras,508,629,77,55,2539,1214,1269,0.4998030720756203
Diber,Diber,Fushe Cidhen,307,655,151,85,2590,1113,1198,0.46254826254826253
Diber,Diber,Fushe Muhur,448,484,155,76,2427,1087,1163,0.4791924186238154
Diber,Diber,Kala e Dodes,198,357,20,16,1695,575,591,0.3486725663716814
Diber,Diber,Kastriot,1028,1242,436,225,5466,2706,2931,0.5362239297475302
Diber,Diber,Lure,158,282,13,37,898,453,490,0.5456570155902004
Diber,Diber,Luzni,390,532,72,91,2046,994,1085,0.5303030303030303
Diber,Diber,Maqellare,2185,2103,524,297,10269,4812,5109,0.4975167981302951
Diber,Diber,Melan,682,822,120,105,3166,1624,1729,0.5461149715729627
Diber,Diber,Peshkopi,3154,3814,801,495,14539,7769,8264,0.568402228488892
Diber,Diber,Selishte,223,284,47,20,1174,554,574,0.4889267461669506
Diber,Diber,Sllove,520,525,74,58,2109,1119,1177,0.5580844001896633
Diber,Diber,Tomin,1293,1700,318,239,6294,3311,3550,0.5640292341912932
Diber,Diber,Zall Dardhe,195,178,22,8,786,395,403,0.5127226463104325
Diber,Diber,Zall Rec,170,140,15,7,624,325,332,0.532051282051282
Diber,Klos,Gurre,654,851,78,99,2902,1583,1682,0.5796002756719504
Diber,Klos,Klos (DI),1889,1771,310,368,7911,3970,4338,0.5483503981797497
Diber,Klos,Suc,569,623,60,100,2571,1252,1352,0.5258654220147803
Diber,Klos,Xiber,590,493,64,77,2218,1147,1224,0.5518485121731289
Diber,Mat,Baz,446,605,117,58,2327,1168,1226,0.5268586162440911
Diber,Mat,Burrel,3478,2438,483,323,13354,6399,6722,0.5033697768458889
Diber,Mat,Derjan,217,226,35,41,992,478,519,0.5231854838709677
Diber,Mat,Komsi,922,906,93,149,3933,1921,2070,0.5263157894736842
Diber,Mat,Lis,962,706,61,143,3606,1729,1872,0.519134775374376
Diber,Mat,Macukull,258,350,11,40,1284,619,659,0.5132398753894081
Diber,Mat,Rukaj,499,649,69,81,2517,1217,1298,0.5156932856575288
Diber,Mat,Ulez,376,277,64,31,1403,717,748,0.5331432644333571
Durres,Durres,Ishem,1350,1029,274,146,6878,2653,2799,0.4069496946786857
Durres,Durres,Katund I Ri,1875,2878,256,276,12392,5009,5285,0.4264848289218851
Durres,Durres,Manez,1976,1640,277,221,9218,3893,4114,0.44630071599045346
Durres,Durres,Rrashbull,5946,4846,1226,602,26614,12018,12620,0.4741865183737882
Durres,Durres,Sukth,3650,3791,871,594,22209,8312,8906,0.4010086001170697
Durres,Durres,Durres,37512,29322,5623,3268,181322,72457,75725,0.4176272046414666
Durres,Kruje,Bubq,1672,1227,288,165,6875,3187,3352,0.48756363636363637
Durres,Kruje,Cudhi,739,494,80,68,2164,1313,1381,0.6381700554528651
Durres,Kruje,Fushe Kruje,5354,4463,1057,567,20713,10874,11441,0.5523584222468981
Durres,Kruje,Koder Thumane,3298,2506,307,326,12766,6111,6437,0.504229985900047
Durres,Kruje,Kruje,2559,3382,1099,402,12941,7040,7442,0.5750714782474307
Durres,Kruje,Nikel,3008,2004,221,311,8278,5233,5544,0.6697269871949746
Durres,Shijak,Gjepalaj,987,835,306,93,4653,2128,2221,0.4773264560498603
Durres,Shijak,Maminas,1490,707,153,179,6039,2350,2529,0.4187779433681073
Durres,Shijak,Shijak,2689,1529,281,226,10768,4499,4725,0.4388001485884101
Durres,Shijak,Xhafzotaj,2819,2778,389,364,14900,5986,6350,0.4261744966442953
Elbasan,Belsh,Belsh,2480,1912,201,305,11638,4593,4898,0.42086269118405223
Elbasan,Belsh,Fierze (EL),608,517,46,83,3148,1171,1254,0.3983481575603558
Elbasan,Belsh,Grekan,950,483,65,127,3909,1498,1625,0.41570734203121
Elbasan,Belsh,Kajan,1128,764,58,137,5085,1950,2087,0.4104228121927237
Elbasan,Belsh,Rrase,386,270,22,40,1833,678,718,0.3917075831969449
Elbasan,Cerrik,Cerrik,2693,1213,300,228,11940,4206,4434,0.371356783919598
Elbasan,Cerrik,Gostime,2165,1192,564,235,10219,3921,4156,0.4066934142283981
Elbasan,Cerrik,Klos (EL),742,548,213,94,3455,1503,1597,0.4622286541244573
Elbasan,Cerrik,Mollas (EL),1764,604,251,170,6027,2619,2789,0.46275095404015265
Elbasan,Cerrik,Shales,983,670,224,120,5566,1877,1997,0.35878548329141213
Elbasan,Elbasan,Bradashesh,2965,2134,351,488,10707,5450,5938,0.5545904548426264
Elbasan,Elbasan,Funare,737,417,45,86,2157,1199,1285,0.5957348168752897
Elbasan,Elbasan,Gjergjan,1595,716,210,184,6342,2521,2705,0.42652160201829076
Elbasan,Elbasan,Gjinar,1052,451,191,101,3521,1694,1795,0.5097983527406986
Elbasan,Elbasan,Gracen,560,294,84,61,1689,938,999,0.5914742451154529
Elbasan,Elbasan,Labinot Fushe,1343,1569,151,226,5265,3063,3289,0.6246913580246913
Elbasan,Elbasan,Labinot Mal,1432,997,107,218,4110,2536,2754,0.67007299270073
Elbasan,Elbasan,Paper,1701,1261,208,212,7237,3170,3382,0.4673207130026254
Elbasan,Elbasan,Shirgjan,2107,1300,195,257,8316,3602,3859,0.46404521404521404
Elbasan,Elbasan,Shushice,2324,1504,280,361,8673,4108,4469,0.5152772973596218
Elbasan,Elbasan,Tregan,935,719,115,119,3440,1769,1888,0.5488372093023256
Elbasan,Elbasan,Zavaline,441,200,39,22,1370,680,702,0.5124087591240876
Elbasan,Elbasan,Elbasan,23617,19733,3164,2313,105852,46514,48827,0.46127612137701696
Elbasan,Gramsh,Gramsh,3056,1585,459,248,10721,5100,5348,0.49883406398656843
Elbasan,Gramsh,Kodovjat,746,343,141,90,2321,1230,1320,0.5687203791469194
Elbasan,Gramsh,Kukur,600,293,149,94,2110,1042,1136,0.5383886255924171
Elbasan,Gramsh,Kushove,286,143,30,23,840,459,482,0.5738095238095238
Elbasan,Gramsh,Lenie,239,100,37,28,761,376,404,0.5308804204993429
Elbasan,Gramsh,Pishaj,1694,824,183,146,5269,2701,2847,0.5403302334408806
Elbasan,Gramsh,Porocan,396,130,37,94,1166,563,657,0.5634648370497427
Elbasan,Gramsh,Skenderbegas,366,219,79,35,1349,664,699,0.5181616011860638
Elbasan,Gramsh,Sult,280,144,34,21,931,458,479,0.514500537056928
Elbasan,Gramsh,Tunje,454,202,89,45,1562,745,790,0.5057618437900128
Elbasan,Librazhd,Hotolisht,1635,763,274,253,5230,2672,2925,0.5592734225621415
Elbasan,Librazhd,Librazhd,2497,1604,368,216,8602,4469,4685,0.5446407812136712
Elbasan,Librazhd,Lunik,737,338,50,99,2568,1125,1224,0.4766355140186916
Elbasan,Librazhd,Orenje,1170,484,78,162,3493,1732,1894,0.5422273117663899
Elbasan,Librazhd,Polis,1211,475,82,108,3936,1768,1876,0.4766260162601626
Elbasan,Librazhd,Qender-Librazhd,2509,1324,371,379,8411,4204,4583,0.5448817025323981
Elbasan,Librazhd,Stebleve,193,193,6,26,828,392,418,0.5048309178743962
Elbasan,Peqin,Gjocaj,1094,1128,77,192,5745,2299,2491,0.4335944299390775
Elbasan,Peqin,Karine,452,260,10,32,1492,722,754,0.5053619302949062
Elbasan,Peqin,Pajove,1642,1251,72,180,7042,2965,3145,0.44660607781880146
Elbasan,Peqin,Peqin,1790,1413,200,163,7212,3403,3566,0.4944536882972823
Elbasan,Peqin,Perparim,857,741,125,67,4305,1723,1790,0.41579558652729387
Elbasan,Peqin,Sheze,868,604,31,67,4386,1503,1570,0.35795713634290927
Elbasan,Prrenjas,Prrenjas,1723,983,645,205,6912,3351,3556,0.5144675925925926
Elbasan,Prrenjas,Qukes,2225,1369,415,233,7963,4009,4242,0.5327138013311566
Elbasan,Prrenjas,Rajce,2134,1073,881,293,8219,4088,4381,0.5330332157196739
Elbasan,Prrenjas,Stravaj,662,424,49,85,2075,1135,1220,0.5879518072289157
Fier,Divjake,Divjake,2363,2298,543,368,11531,5204,5572,0.48321914838262076
Fier,Divjake,Grabian,1025,863,129,152,4922,2017,2169,0.4406745225518082
Fier,Divjake,Gradisht,2496,1374,411,234,8691,4281,4515,0.5195029340697273
Fier,Divjake,Remas,1192,1026,211,143,5203,2429,2572,0.49433019411877765
Fier,Divjake,Terbuf,2638,1876,446,374,12607,4960,5334,0.42309827873403666
Fier,Fier,Cakran,3123,2290,487,321,12759,5900,6221,0.48757739634767616
Fier,Fier,Frakull,2132,1299,337,222,8331,3768,3990,0.4789341015484336
Fier,Fier,Levan,2350,1705,482,315,14046,4537,4852,0.3454364231809768
Fier,Fier,Portez,2186,1328,457,215,9129,3971,4186,0.4585387227516705
Fier,Fier,Dermenas,1929,1764,513,227,10216,4206,4433,0.43392717306186374
Fier,Fier,Libofshe,1907,935,337,185,8317,3179,3364,0.40447276662258025
Fier,Fier,Mbrostar,1788,1320,842,292,8429,3950,4242,0.5032625459722387
Fier,Fier,Qender-Fier,1953,1549,469,264,9954,3971,4235,0.42545710267229253
Fier,Fier,Topoje,1763,471,207,129,6132,2441,2570,0.41911285061969994
Fier,Fier,Fier,17507,11933,3521,1057,77732,32961,34018,0.43763186332527143
Fier,Lushnje,Allkaj,1356,739,370,159,5039,2465,2624,0.5207382417146259
Fier,Lushnje,Ballagat,606,515,45,121,2970,1166,1287,0.43333333333333335
Fier,Lushnje,Bubullime,1979,933,320,217,5845,3232,3449,0.5900769888793841
Fier,Lushnje,Dushk,1768,1415,364,221,9413,3547,3768,0.40029746095824925
Fier,Lushnje,Fier Shegan,1778,1225,637,276,7656,3640,3916,0.5114942528735632
Fier,Lushnje,Golem (FR),1253,858,268,189,6084,2379,2568,0.42209072978303747
Fier,Lushnje,Hysgjokaj,597,610,95,90,2771,1302,1392,0.5023457235654998
Fier,Lushnje,Karbunare,1148,654,155,171,4406,1957,2128,0.4829777576032683
Fier,Lushnje,Kolonje,1896,1148,283,180,6697,3327,3507,0.5236673137225624
Fier,Lushnje,Krutje,2666,1267,423,246,8292,4356,4602,0.5549927641099855
Fier,Lushnje,Lushnje,9747,7705,1338,908,45076,18790,19698,0.43699529683201704
Fier,Mallakaster,Aranitas,643,551,122,96,3059,1316,1412,0.461588754494933
Fier,Mallakaster,Ballsh,1699,1596,537,181,8722,3832,4013,0.4601008942903004
Fier,Mallakaster,Fratar,933,555,177,120,3819,1665,1785,0.4673998428908091
Fier,Mallakaster,Greshice,293,144,122,41,1465,559,600,0.40955631399317405
Fier,Mallakaster,Hekal,790,561,110,84,3584,1461,1545,0.4310825892857143
Fier,Mallakaster,Kute,591,304,80,67,2401,975,1042,0.43398583923365264
Fier,Mallakaster,Ngracan,108,132,29,17,627,269,286,0.45614035087719296
Fier,Mallakaster,Qender-Mallakaster,1167,1497,337,234,6523,3001,3235,0.49593745209259543
Fier,Mallakaster,Selite Mallakaster,219,185,51,24,1056,455,479,0.45359848484848486
Fier,Patos,Patos,5209,3331,986,429,25246,9526,9955,0.39431989226016
Fier,Patos,Ruzhdie,645,471,70,91,2435,1186,1277,0.524435318275154
Fier,Patos,Zharres,1853,1309,265,195,6827,3427,3622,0.5305405009521019
Fier,Roskovec,Kuman,1481,1224,191,171,6607,2896,3067,0.4642046314514908
Fier,Roskovec,Kurjan,1161,642,162,81,4052,1965,2046,0.5049358341559723
Fier,Roskovec,Roskovec,1625,1327,170,136,7251,3122,3258,0.44931733553992553
Fier,Roskovec,Strum,2009,1751,174,132,7366,3934,4066,0.5519956557154494
Gjirokaster,Dropull,Dropull Poshte,802,295,285,93,8229,1382,1475,0.17924413659010816
Gjirokaster,Dropull,Dropull Siper,555,261,293,80,9046,1109,1189,0.13143931019235022
Gjirokaster,Dropull,Pogon,149,48,81,10,2685,278,288,0.10726256983240223
Gjirokaster,Gjirokaster,Antigone,385,198,92,21,1419,675,696,0.4904862579281184
Gjirokaster,Gjirokaster,Cepo,796,581,222,52,3555,1599,1651,0.4644163150492264
Gjirokaster,Gjirokaster,Gjirokaster,7176,3401,1803,504,28130,12380,12884,0.45801635264841806
Gjirokaster,Gjirokaster,Lazarat,94,1599,137,46,2734,1830,1876,0.6861741038771031
Gjirokaster,Gjirokaster,Lunxheri,779,362,202,44,4439,1343,1387,0.3124577607569272
Gjirokaster,Gjirokaster,Odrie,174,109,46,1,1398,329,330,0.23605150214592274
Gjirokaster,Gjirokaster,Picar,363,286,121,44,1519,770,814,0.5358788676761027
Gjirokaster,Kelcyre,Ballaban,273,217,35,29,1501,525,554,0.3690872751499001
Gjirokaster,Kelcyre,Dishnice,354,224,110,30,1842,688,718,0.38979370249728557
Gjirokaster,Kelcyre,Kelcyre,759,531,292,99,4096,1582,1681,0.410400390625
Gjirokaster,Kelcyre,Suke,437,131,166,35,1980,734,769,0.3883838383838384
Gjirokaster,Libohove,Libohove,580,603,114,82,2685,1297,1379,0.5135940409683426
Gjirokaster,Libohove,Qender-Libohove,453,233,146,48,2366,832,880,0.37193575655114114
Gjirokaster,Libohove,Zagori,123,65,26,12,813,214,226,0.2779827798277983
Gjirokaster,Memaliaj,Buz,249,116,54,14,975,419,433,0.4441025641025641
Gjirokaster,Memaliaj,F. Memaliaj,601,209,181,80,2117,991,1071,0.5059045819555975
Gjirokaster,Memaliaj,Krahes,569,211,349,103,2958,1129,1232,0.4164976335361731
Gjirokaster,Memaliaj,Luftinje,515,195,223,65,2531,933,998,0.39431054919004344
Gjirokaster,Memaliaj,Memaliaj,857,513,239,114,5365,1609,1723,0.3211556383970177
Gjirokaster,Memaliaj,Qesarat,480,160,142,35,1875,782,817,0.4357333333333333
Gjirokaster,Permet,Carcove,312,182,57,28,2321,551,579,0.24946143903489876
Gjirokaster,Permet,Frasher,110,62,14,19,465,186,205,0.44086021505376344
Gjirokaster,Permet,Permet,2062,1053,406,212,8346,3521,3733,0.44728013419602203
Gjirokaster,Permet,Petran,501,427,80,44,2525,1008,1052,0.4166336633663366
Gjirokaster,Permet,Qender-Piskove,663,300,171,53,2548,1134,1187,0.46585557299843017
Gjirokaster,Tepelene,Kurvelesh,286,135,52,31,1074,473,504,0.4692737430167598
Gjirokaster,Tepelene,Lopes,275,171,33,15,935,479,494,0.5283422459893048
Gjirokaster,Tepelene,Qender-Tepelene,1155,368,425,108,4292,1948,2056,0.4790307548928239
Gjirokaster,Tepelene,Tepelene,1717,758,483,166,6506,2958,3124,0.4801721487857362
Korce,Devoll,Bilisht,2062,1961,507,169,8594,4530,4699,0.5467768210379335
Korce,Devoll,Hocisht,1228,1227,255,107,5429,2710,2817,0.5188800884140726
Korce,Devoll,Miras,1821,1734,295,153,7868,3850,4003,0.5087697000508389
Korce,Devoll,Proger,951,1229,191,101,4770,2371,2472,0.5182389937106918
Korce,Devoll,Qender-Bilisht,1363,1468,245,159,6980,3076,3235,0.46346704871060174
Korce,Kolonje,Barmash,150,92,35,12,546,277,289,0.5293040293040293
Korce,Kolonje,Clirim,125,31,21,13,495,177,190,0.3838383838383838
Korce,Kolonje,Erseke,1436,691,382,173,5473,2509,2682,0.4900420244838297
Korce,Kolonje,Leskovik,414,394,74,56,2258,882,938,0.4154118689105403
Korce,Kolonje,Mollas (KO),523,487,83,51,2638,1093,1144,0.4336618650492798
Korce,Kolonje,Novosele (KO),164,63,27,22,436,254,276,0.6330275229357798
Korce,Kolonje,Qender-Erseke,776,496,277,115,3146,1549,1664,0.5289256198347108
Korce,Kolonje,Qender-Leskovik,78,45,12,9,339,135,144,0.4247787610619469
Korce,Korce,Drenove,1498,1152,335,140,8918,2985,3125,0.3504148912312178
Korce,Korce,Lekas,145,49,38,20,667,232,252,0.3778110944527736
Korce,Korce,Mollaj,1040,903,242,180,5702,2185,2365,0.41476674850929496
Korce,Korce,Qender-Bulgarec,2346,2528,386,273,11134,5260,5533,0.496946290641279
Korce,Korce,Vithkuq,343,194,53,48,1270,590,638,0.5023622047244094
Korce,Korce,Voskop,981,1118,175,113,4633,2274,2387,0.5152169220807252
Korce,Korce,Voskopoje,324,284,106,35,1857,714,749,0.403338718362951
Korce,Korce,Korce,14160,12035,3207,1120,75079,29402,30522,0.4065317865182008
Korce,Maliq,Gore,445,437,56,35,1718,938,973,0.5663562281722934
Korce,Maliq,Libonik,3010,1757,397,320,10908,5164,5484,0.5027502750275028
Korce,Maliq,Maliq,1685,833,219,164,6376,2737,2901,0.4549874529485571
Korce,Maliq,Moglice,344,132,21,33,1021,497,530,0.5190989226248776
Korce,Maliq,Pirg,1925,1769,372,212,7652,4066,4278,0.5590695243073707
Korce,Maliq,Pojan,2744,2863,578,348,13438,6185,6533,0.4861586545616907
Korce,Maliq,Vreshtas,1896,1525,293,311,8150,3714,4025,0.4938650306748466
Korce,Pogradec,Bucimas,2832,3451,897,696,15168,7180,7876,0.5192510548523207
Korce,Pogradec,Cerrave,1636,1630,465,371,7462,3731,4102,0.549718574108818
Korce,Pogradec,Dardhas,573,590,137,137,2678,1300,1437,0.5365944734876774
Korce,Pogradec,Porgradec,6745,4493,1331,863,32073,12569,13432,0.4187946247622611
Korce,Pogradec,Proptisht,1245,622,197,202,4484,2064,2266,0.5053523639607493
Korce,Pogradec,Trebinje,506,332,141,109,2355,979,1088,0.46199575371549895
Korce,Pogradec,Udenisht,1539,1125,352,297,5977,3016,3313,0.5542914505604819
Korce,Pogradec,Velcan,623,266,195,135,2305,1084,1219,0.5288503253796095
Korce,Pustec,Pustec,867,473,193,73,4366,1533,1606,0.3678424186898763
Kukes,Has,Fajze,489,842,15,83,3175,1346,1429,0.45007874015748034
Kukes,Has,Gjinaj,131,243,3,41,823,377,418,0.5078979343863913
Kukes,Has,Golaj,956,1791,31,128,6004,2778,2906,0.48401065956029315
Kukes,Has,Krume,1095,1900,32,236,6126,3027,3263,0.5326477309826967
Kukes,Kukes,Arren,79,79,1,2,316,159,161,0.509493670886076
Kukes,Kukes,Bicaj,850,1423,44,113,4473,2317,2430,0.5432595573440644
Kukes,Kukes,Bushtrice,284,212,9,14,1046,505,519,0.4961759082217973
Kukes,Kukes,Gryke Caje,123,300,18,21,1169,441,462,0.39520958083832336
Kukes,Kukes,Kalis,130,159,5,11,626,294,305,0.48722044728434505
Kukes,Kukes,Kolsh Kukes,154,365,15,32,1060,534,566,0.5339622641509434
Kukes,Kukes,Kukes,3413,5777,235,533,18360,9425,9958,0.5423747276688453
Kukes,Kukes,Malzi,369,643,16,52,2584,1028,1080,0.4179566563467492
Kukes,Kukes,Shishtavec,818,629,10,51,3828,1457,1508,0.3939393939393939
Kukes,Kukes,Shtiqen,467,870,28,63,2752,1365,1428,0.5188953488372093
Kukes,Kukes,Surroj,173,375,23,37,1196,571,608,0.5083612040133779
Kukes,Kukes,Terthore,379,812,16,50,2391,1207,1257,0.5257214554579673
Kukes,Kukes,Topojan,209,414,13,38,1607,636,674,0.4194150591163659
Kukes,Kukes,Ujmisht,276,466,25,31,1593,767,798,0.5009416195856874
Kukes,Kukes,Zapod,367,328,19,34,1880,714,748,0.39787234042553193
Kukes,Tropoje,Bajram Curri,1008,1873,59,181,6570,2940,3121,0.4750380517503805
Kukes,Tropoje,Bujan,269,674,17,60,2192,960,1020,0.4653284671532847
Kukes,Tropoje,Bytyc,177,469,10,47,1609,656,703,0.43691733996270976
Kukes,Tropoje,Fierze (KU),305,553,13,58,1840,871,929,0.5048913043478261
Kukes,Tropoje,Lekbibaj,171,297,11,39,1284,479,518,0.40342679127725856
Kukes,Tropoje,Llugaj,306,447,8,69,1709,761,830,0.48566413107080164
Kukes,Tropoje,Margegaj,334,716,16,67,2468,1066,1133,0.4590761750405186
Kukes,Tropoje,Tropoje,524,1414,37,97,4346,1975,2072,0.4767602393005062
Lezhe,Kurbin,Fushe Kuqe,699,1566,359,214,7051,2624,2838,0.40249609984399376
Lezhe,Kurbin,Lac,3486,4596,1303,756,23532,9385,10141,0.43094509603943565
Lezhe,Kurbin,Mamurras,2104,4165,1315,557,17870,7584,8141,0.4555679910464466
Lezhe,Kurbin,Milot,1103,2547,680,308,9166,4330,4638,0.5060004363953742
Lezhe,Lezhe,Balldre,1357,1411,444,240,8515,3212,3452,0.40540223135642983
Lezhe,Lezhe,Lezhe,4549,4074,1547,637,24906,10170,10807,0.43391150726732514
Lezhe,Lezhe,Shengjin,1987,1867,483,255,10468,4337,4592,0.43867023309132597
Lezhe,Lezhe,Blinisht,898,633,136,107,4465,1667,1774,0.3973124300111982
Lezhe,Lezhe,Dajc (LE),888,1042,172,160,5853,2102,2262,0.38646847770374165
Lezhe,Lezhe,Kallmet,758,773,500,146,5671,2031,2177,0.3838829130664786
Lezhe,Lezhe,Kolsh,1031,1137,282,222,5798,2450,2672,0.4608485684718869
Lezhe,Lezhe,Shenkoll,1980,2532,704,415,13167,5216,5631,0.42766005923900663
Lezhe,Lezhe,Ungrej,379,408,78,67,2063,865,932,0.4517692680562288
Lezhe,Lezhe,Zejmen,1172,1347,692,260,7406,3211,3471,0.46867404806913315
Lezhe,Mirdite,Fan,682,763,125,96,3193,1570,1666,0.5217663639210773
Lezhe,Mirdite,Kacinar,224,295,40,25,1331,559,584,0.4387678437265214
Lezhe,Mirdite,Kthelle,379,501,182,55,2400,1062,1117,0.46541666666666665
Lezhe,Mirdite,Orosh,428,487,128,62,2355,1043,1105,0.4692144373673036
Lezhe,Mirdite,Rreshen,1956,2409,850,223,11190,5215,5438,0.48596961572832886
Lezhe,Mirdite,Rubik,1007,1145,355,112,6231,2507,2619,0.4203177660086663
Lezhe,Mirdite,Selite,202,298,62,29,1268,562,591,0.46608832807570977
Shkoder,Fushe Arrez,Blerim,143,187,86,27,1010,416,443,0.4386138613861386
Shkoder,Fushe Arrez,Fierze (ShK),196,164,258,32,1423,618,650,0.4567814476458187
Shkoder,Fushe Arrez,Fushe Arrez,583,705,380,101,3534,1668,1769,0.5005659309564233
Shkoder,Fushe Arrez,Iballe,248,282,79,42,1266,609,651,0.514218009478673
Shkoder,Fushe Arrez,Qafe-Mali,209,294,178,56,1453,681,737,0.5072264280798349
Shkoder,Malesi e Madhe,Gruemire,1744,1594,985,362,11706,4323,4685,0.4002221083205194
Shkoder,Malesi e Madhe,Kastrat,1405,1665,336,249,10185,3406,3655,0.3588610702012764
Shkoder,Malesi e Madhe,Kelmend,565,674,179,127,5149,1418,1545,0.3000582637405321
Shkoder,Malesi e Madhe,Koplik,1118,1128,390,200,7493,2636,2836,0.37848658748164954
Shkoder,Malesi e Madhe,Qender-Malesi e Madhe,869,1247,307,236,5685,2423,2659,0.4677220756376429
Shkoder,Malesi e Madhe,Shkrel,820,782,238,172,5049,1840,2012,0.3984947514359279
Shkoder,Puke,Gjegjan,800,479,196,106,2826,1475,1581,0.559447983014862
Shkoder,Puke,Puke,900,868,381,100,4055,2149,2249,0.5546239210850802
Shkoder,Puke,Qelez,409,314,145,46,1686,868,914,0.5421115065243179
Shkoder,Puke,Qerret,398,370,147,60,2079,915,975,0.468975468975469
Shkoder,Puke,Rrape,313,183,97,38,1183,593,631,0.5333896872358411
Shkoder,Shkoder,Ana Malit,470,770,722,88,4820,1962,2050,0.42531120331950206
Shkoder,Shkoder,Berdice,855,1362,924,149,7642,3141,3290,0.4305155718398325
Shkoder,Shkoder,Dajc (ShK),523,958,349,93,7261,1830,1923,0.264839553780471
Shkoder,Shkoder,Gur I Zi,589,1650,1705,250,9119,3944,4194,0.45991885075117883
Shkoder,Shkoder,Postribe,915,1748,804,173,8772,3467,3640,0.41495668034655725
Shkoder,Shkoder,Pult,140,280,285,42,2098,705,747,0.35605338417540516
Shkoder,Shkoder,Rrethinat,1717,3292,2982,520,21022,7991,8511,0.4048615735895728
Shkoder,Shkoder,Shale,269,279,217,36,2916,765,801,0.27469135802469136
Shkoder,Shkoder,Shosh,91,120,93,12,839,304,316,0.3766388557806913
Shkoder,Shkoder,Velipoje,1157,1014,784,166,7639,2955,3121,0.40856133001701794
Shkoder,Shkoder,Shkoder,9122,18420,11510,1705,94855,39052,40757,0.42967687523061515
Shkoder,Vau Dejes,Bushat,1456,2904,2665,396,19328,7025,7421,0.3839507450331126
Shkoder,Vau Dejes,Hajmel,631,995,640,113,5267,2266,2379,0.4516802734004177
Shkoder,Vau Dejes,Shllak,17,284,296,25,1381,597,622,0.4503982621288921
Shkoder,Vau Dejes,Temal,117,302,353,49,1586,772,821,0.5176544766708702
Shkoder,Vau Dejes,Vau Dejes,1424,1608,1257,312,10130,4289,4601,0.4541954590325765
Shkoder,Vau Dejes,Vig-Mnele,83,283,312,31,1621,678,709,0.43738433066008636
Tirane,Kamez,Kamez,12681,16929,4033,1801,67992,33643,35444,0.5212966231321332
Tirane,Kamez,Paskuqan,6663,8835,2328,784,35437,17826,18610,0.5251573214436888
Tirane,Kavaje,Golem (TR),1969,1750,346,179,10416,4065,4244,0.4074500768049155
Tirane,Kavaje,Helmes,703,623,140,50,3939,1466,1516,0.38486925615638484
Tirane,Kavaje,Kavaje,5331,5685,1370,487,33126,12386,12873,0.38860713638833544
Tirane,Kavaje,Luz I Vogel,1099,955,95,105,8366,2149,2254,0.26942385847477884
Tirane,Kavaje,Synej,1236,1102,128,120,8882,2466,2586,0.2911506417473542
Tirane,Rrogozhine,Gose,1020,936,177,121,6732,2133,2254,0.33481877599524656
Tirane,Rrogozhine,Kryevidh,844,692,481,86,7127,2017,2103,0.29507506664795846
Tirane,Rrogozhine,Lekaj,1047,1024,204,138,7340,2275,2413,0.3287465940054496
Tirane,Rrogozhine,Rrogozhine,2115,1145,376,179,9508,3636,3815,0.4012410601598654
Tirane,Rrogozhine,Sinaballaj,311,152,54,22,1289,517,539,0.4181536074476338
Tirane,Tirane,Baldushk,1226,1077,323,127,4131,2626,2753,0.6664245945291697
Tirane,Tirane,Kashar,12994,8747,3283,1118,40748,25024,26142,0.6415529596544616
Tirane,Tirane,Ndroq,2024,1290,403,272,7302,3717,3989,0.5462886880306765
Tirane,Tirane,Petrele,2079,1257,194,190,5222,3530,3720,0.7123707391803906
Tirane,Tirane,Peze,1739,901,260,235,4672,2900,3135,0.6710188356164384
Tirane,Tirane,Vaqarr,2551,1895,452,348,7791,4898,5246,0.6733410345270183
Tirane,Tirane,Berzhite,1793,799,264,172,4594,2856,3028,0.6591205920766217
Tirane,Tirane,Dajt,6131,4013,1980,544,19928,12124,12668,0.6356884785226816
Tirane,Tirane,Farke,6252,4439,1373,464,18277,12064,12528,0.6854516605569841
Tirane,Tirane,Krrabe,1020,304,83,80,2381,1407,1487,0.6245275094498111
Tirane,Tirane,Shengjergj,634,543,137,76,1991,1314,1390,0.6981416373681567
Tirane,Tirane,Zall Bastar,1328,928,342,133,3852,2598,2731,0.7089823468328141
Tirane,Tirane,Zall Herr,3249,1587,433,356,9039,5269,5625,0.6223033521407235
Tirane,Tirane,Njesia Nr. 1,11375,7537,2812,899,41790,21724,22623,0.5413496051687007
Tirane,Tirane,Njesia Nr. 2,17380,14319,4539,1091,67552,36238,37329,0.552596518237802
Tirane,Tirane,Njesia Nr. 3,9089,6827,2775,648,37427,18691,19339,0.5167125337323323
Tirane,Tirane,Njesia Nr. 4,12627,9542,3371,1068,52562,25540,26608,0.5062212244587344
Tirane,Tirane,Njesia Nr. 5,20230,13225,5467,1036,71200,38922,39958,0.5612078651685394
Tirane,Tirane,Njesia Nr. 6,15596,9994,3482,1256,56854,29072,30328,0.5334365216167728
Tirane,Tirane,Njesia Nr. 7,15918,12661,4029,982,61709,32608,33590,0.5443290281806543
Tirane,Tirane,Njesia Nr. 8,7558,7921,2154,380,34033,17633,18013,0.5292804043134605
Tirane,Tirane,Njesia Nr. 9,13131,11590,3134,919,52717,27855,28774,0.5458201339226435
Tirane,Tirane,Njesia Nr. 10,6007,4550,1419,120,23597,11976,12096,0.5126075348561258
Tirane,Tirane,Njesia Nr. 11,11434,10856,2904,1045,50918,25194,26239,0.5153187477905652
Tirane,Vore,Berxull,1750,2292,622,218,8569,4664,4882,0.5697280896253939
Tirane,Vore,Preze,1683,927,158,140,5396,2768,2908,0.5389177168272795
Tirane,Vore,Vore,5025,2486,764,433,16088,8275,8708,0.5412729985082049
Vlore,Delvine,Delvine,1998,1347,529,246,11881,3874,4120,0.3467721572258227
Vlore,Delvine,Vergo,601,347,137,74,2963,1085,1159,0.39115761052986836
Vlore,Finiq,Aliko,251,291,45,30,5108,587,617,0.12079091620986687
Vlore,Finiq,Dhiver,416,158,51,53,5554,625,678,0.12207418077061577
Vlore,Finiq,Finiq,423,213,103,48,5426,739,787,0.1450423884998157
Vlore,Finiq,Livadhja,673,464,86,97,9046,1223,1320,0.14592084899403052
Vlore,Finiq,Mesopotam,445,296,60,50,5742,801,851,0.14820619993033787
Vlore,Himare,Himare,1360,983,162,29,12042,2505,2534,0.21043016110280685
Vlore,Himare,Hore Vranisht,1051,150,97,35,2811,1298,1333,0.47420846673781575
Vlore,Himare,Lukove,1036,721,198,60,7977,1955,2015,0.2526012285320296
Vlore,Konispol,Konsipol,861,494,54,87,2459,1409,1496,0.6083773891825945
Vlore,Konispol,Markat,661,438,28,75,2435,1127,1202,0.49363449691991784
Vlore,Konispol,Xarre,712,422,251,111,6447,1385,1496,0.23204591282767179
Vlore,Sarande,Ksamil,1236,779,296,122,7243,2311,2433,0.335910534308988
Vlore,Sarande,Sarande,6603,4281,1735,646,39846,12619,13265,0.3329066907594238
Vlore,Selenice,Armen,1105,522,179,112,5228,1806,1918,0.36687069625095636
Vlore,Selenice,Brataj,922,417,157,91,3572,1496,1587,0.4442889137737962
Vlore,Selenice,Kote,1316,634,136,72,5052,2086,2158,0.4271575613618369
Vlore,Selenice,Selenice,845,455,96,82,5463,1396,1478,0.2705473183232656
Vlore,Selenice,Sevaster,456,345,90,55,2258,891,946,0.41895482728077943
Vlore,Selenice,Vllahine,1284,720,133,105,5283,2137,2242,0.4243800870717395
Vlore,Vlore,Novosele (VL),2512,1241,344,249,13461,4097,4346,0.3228586286308595
Vlore,Vlore,Orikum,1879,920,479,170,9333,3278,3448,0.3694417657773492
Vlore,Vlore,Qender-Vlore,2473,1354,428,231,15191,4255,4486,0.2953064314396682
Vlore,Vlore,Shushice,1470,586,235,124,7561,2291,2415,0.3194021954767888
Vlore,Vlore,Vlore,26434,13550,4663,1676,119046,44647,46323,0.38911849201149135
