District,Municipality,AdministrativeUnit,PollingStation,pTurnout,pPS,PS
Berat,Bashkia Berat,Berat,P-32701,0.3872053872053872,0.6244541484716157,143
Berat,Bashkia Berat,Berat,P-32741,0.4833887043189369,0.6102941176470589,166
Berat,Bashkia Berat,Berat,P-32801,0.33127572016460904,0.6308724832214765,94
Berat,Bashkia Berat,Berat,P-3285,0.42216687422166876,0.6455696202531646,204
Berat,Bashkia Berat,Berat,P-3286,0.3642052565707134,0.6605839416058394,181
Berat,Bashkia Berat,Berat,P-32881,0.4627659574468085,0.6626016260162602,163
Berat,Bashkia Berat,Berat,P-3290,0.3898809523809524,0.6016260162601627,148
Berat,Bashkia Berat,Berat,P-3292,0.5030674846625767,0.5844155844155844,135
Berat,Bashkia Berat,Berat,P-3294,0.4808454425363276,0.6096866096866097,214
Berat,Bashkia Berat,Berat,P-32951,0.45193929173693087,0.6178861788617886,152
Berat,Bashkia Berat,Berat,P-32971,0.5251677852348994,0.5785714285714286,162
Berat,Bashkia Berat,Berat,P-3298,0.5153256704980843,0.5891472868217055,152
Berat,Bashkia Berat,Berat,P-33131,0.36044657097288674,0.6095238095238096,128
Berat,Bashkia Berat,Berat,P-33132,0.46554621848739497,0.6060606060606061,160
Berat,Bashkia Berat,Otllak,P-3429,0.5144827586206897,0.603399433427762,213
Berat,Bashkia Berat,Otllak,P-34291,0.5356371490280778,0.6578947368421053,150
Berat,Bashkia Berat,Otllak,P-3430,0.4598459845984598,0.6246719160104987,238
Berat,Bashkia Berat,Otllak,P-3431,0.4728079911209767,0.6683417085427136,266
Berat,Bashkia Berat,Roshnik,P-3443,0.5581039755351682,0.5813253012048193,193
Berat,Bashkia Berat,Roshnik,P-3445,0.43370165745856354,0.7464285714285714,209
Berat,Bashkia Berat,Roshnik,P-3446,0.4139240506329114,0.6816720257234726,212
Berat,Bashkia Berat,Roshnik,P-3451,0.4673913043478261,0.6601307189542484,101
Berat,Bashkia Berat,Sinje,P-3350,0.5724852071005917,0.5527065527065527,194
Berat,Bashkia Berat,Sinje,P-3351,0.3708133971291866,0.7133333333333334,107
Berat,Bashkia Berat,Sinje,P-3355,0.4665012406947891,0.6709677419354839,104
Berat,Bashkia Berat,Sinje,P-3360,0.5187376725838264,0.7125506072874493,176
Berat,Bashkia Berat,Velabisht,P-3322,0.5102639296187683,0.5758513931888545,186
Berat,Bashkia Berat,Velabisht,P-3324,0.5277777777777778,0.6501182033096927,275
Berat,Bashkia Berat,Velabisht,P-3326,0.4567901234567901,0.6266094420600858,146
Berat,Bashkia Berat,Velabisht,P-3328,0.5011467889908257,0.6676384839650146,229
Berat,Bashkia Kucove,Kozare,P-3497,0.5151515151515151,0.6136363636363636,243
Berat,Bashkia Kucove,Kucove,P-35151,0.31905781584582443,0.7028985507246377,97
Berat,Bashkia Kucove,Kucove,P-3518,0.34983498349834985,0.6699507389162561,136
Berat,Bashkia Kucove,Kucove,P-35181,0.37915742793791574,0.6287425149700598,105
Berat,Bashkia Kucove,Kucove,P-35191,0.3786279683377309,0.6568265682656826,178
Berat,Bashkia Kucove,Kucove,P-3524,0.3517730496453901,0.620253164556962,147
Berat,Bashkia Kucove,Kucove,P-35241,0.36678832116788324,0.7172774869109948,137
Berat,Bashkia Kucove,Kucove,P-35252,0.30510585305105853,0.631578947368421,144
Berat,Bashkia Kucove,Kucove,P-35253,0.3449612403100775,0.631578947368421,156
Berat,Bashkia Kucove,Kucove,P-35261,0.41025641025641024,0.625,130
Berat,Bashkia Kucove,Kucove,P-35271,0.3295819935691318,0.6153846153846154,120
Berat,Bashkia Kucove,Kucove,P-3530,0.33551769331585846,0.6341463414634146,156
Berat,Bashkia Kucove,Kucove,P-35311,0.3890784982935154,0.6359447004608295,138
Berat,Bashkia Kucove,Lumas,P-3416,0.5162200282087447,0.6253602305475504,217
Berat,Bashkia Kucove,Lumas,P-3417,0.39708265802269044,0.7413793103448276,172
Berat,Bashkia Kucove,Lumas,P-3422,0.35702479338842974,0.6428571428571429,126
Berat,Bashkia Kucove,Lumas,P-3423,0.32086614173228345,0.6891891891891891,102
Berat,Bashkia Kucove,Perondi,P-3505,0.5802728226652676,0.5749063670411985,307
Berat,Bashkia Kucove,Perondi,P-3510,0.43824228028503565,0.6605504587155964,216
Berat,Bashkia Kucove,Perondi,P-3511,0.47527910685805425,0.6452830188679245,171
Berat,Bashkia Polican,Polican,P-3576,0.45774647887323944,0.7032967032967034,128
Berat,Bashkia Polican,Polican,P-3577,0.41890315052508753,0.6260869565217392,216
Berat,Bashkia Polican,Polican,P-3578,0.4870848708487085,0.644,161
Berat,Bashkia Polican,Polican,P-35781,0.46396396396396394,0.6494845360824743,126
Berat,Bashkia Polican,Polican,P-3579,0.44876325088339225,0.6477732793522267,160
Berat,Bashkia Polican,Polican,P-35791,0.5130434782608696,0.7031963470319634,154
Berat,Bashkia Polican,Polican,P-3580,0.40816326530612246,0.6350877192982456,181
Berat,Bashkia Polican,Polican,P-35801,0.51183970856102,0.6254681647940075,167
Berat,Bashkia Polican,Polican,P-35811,0.488245931283906,0.6470588235294118,165
Berat,Bashkia Polican,Terpan,P-3368,0.42290076335877863,0.7015503875968992,181
Berat,Bashkia Polican,Terpan,P-3371,0.4895591647331787,0.6731707317073171,138
Berat,Bashkia Polican,Vertop,P-3456,0.3617021276595745,0.6835443037974683,216
Berat,Bashkia Polican,Vertop,P-3457,0.5325131810193322,0.6135593220338983,181
Berat,Bashkia Polican,Vertop,P-3461,0.5499254843517138,0.6976744186046512,240
Berat,Bashkia Polican,Vertop,P-3462,0.5504032258064516,0.671875,172
Berat,Bashkia Polican,Vertop,P-3463,0.5177228786251342,0.6534216335540839,296
Berat,Bashkia Polican,Vertop,P-3465,0.49414519906323184,0.7216494845360825,140
Berat,Bashkia Polican,Vertop,P-3466,0.4885057471264368,0.6858974358974359,107
Berat,Bashkia Skrapar,corovode,P-3554,0.5604626708727655,0.5736738703339882,292
Berat,Bashkia Skrapar,corovode,P-3555,0.603085553997195,0.5511221945137157,221
Berat,Bashkia Skrapar,Gjerbes,P-3559,0.4778761061946903,0.6118421052631579,93
Berat,Bashkia Skrapar,Leshnje,P-3571,0.5794573643410853,0.5972222222222222,172
Berat,Bashkia Skrapar,Qender - Skrapar,P-3595,0.510989010989011,0.6150793650793651,155
Berat,Bashkia Skrapar,Qender - Skrapar,P-3604,0.5723981900452488,0.5281385281385281,122
Berat,Bashkia Skrapar,Vendreshe,P-3616,0.5706051873198847,0.49732620320855614,93
Berat,Bashkia Ura Vajgurore,Kutalli,P-3339,0.3985611510791367,0.7170542635658915,185
Berat,Bashkia Ura Vajgurore,Kutalli,P-33441,0.6189473684210526,0.5613382899628253,151
Berat,Bashkia Ura Vajgurore,Kutalli,P-3345,0.590027700831025,0.4713216957605985,189
Berat,Bashkia Ura Vajgurore,Kutalli,P-33451,0.5852156057494866,0.4827586206896552,126
Berat,Bashkia Ura Vajgurore,Kutalli,P-3346,0.5222672064777328,0.660056657223796,233
Berat,Bashkia Ura Vajgurore,Kutalli,P-33461,0.5845410628019324,0.6650485436893204,137
Berat,Bashkia Ura Vajgurore,Kutalli,P-3348,0.378698224852071,0.6612021857923497,121
Berat,Bashkia Ura Vajgurore,Kutalli,P-3349,0.45569620253164556,0.6080402010050251,242
Berat,Bashkia Ura Vajgurore,Poshnje,P-34681,0.5017182130584192,0.6666666666666666,174
Berat,Bashkia Ura Vajgurore,Poshnje,P-3470,0.5202312138728323,0.5822784810126582,184
Berat,Bashkia Ura Vajgurore,Poshnje,P-3472,0.45758354755784064,0.6706586826347305,112
Berat,Bashkia Ura Vajgurore,Poshnje,P-3478,0.5330347144456887,0.5898617511520737,256
Berat,Bashkia Ura Vajgurore,Ura Vajgurore,P-3482,0.44662921348314605,0.6027397260273972,176
Berat,Bashkia Ura Vajgurore,Ura Vajgurore,P-34821,0.3941267387944359,0.6554621848739496,156
Berat,Bashkia Ura Vajgurore,Ura Vajgurore,P-34841,0.42962962962962964,0.7110091743119266,155
Berat,Bashkia Ura Vajgurore,Ura Vajgurore,P-3485,0.4557926829268293,0.7043795620437956,193
Berat,Bashkia Ura Vajgurore,Ura Vajgurore,P-34851,0.4507042253521127,0.6666666666666666,154
Berat,Bashkia Ura Vajgurore,Ura Vajgurore,P-3486,0.4752981260647359,0.65234375,167
Berat,Bashkia Ura Vajgurore,Ura Vajgurore,P-34861,0.4079861111111111,0.6136363636363636,135
Berat,Bashkia Ura Vajgurore,Ura Vajgurore,P-34871,0.3825966850828729,0.6150793650793651,155
Berat,Bashkia Ura Vajgurore,Ura Vajgurore,P-3491,0.44533947065592633,0.625,215
Diber,Bashkia Bulqize,Martanesh,P-0968,0.43610547667342797,0.6040609137055838,119
Diber,Bashkia Bulqize,Martanesh,P-0969,0.5025380710659898,0.5837837837837838,108
Diber,Bashkia Bulqize,Martanesh,P-0975,0.46551724137931033,0.6045197740112994,107
Diber,Bashkia Bulqize,Ostren,P-1057,0.41687344913151364,0.6688311688311688,103
Diber,Bashkia Bulqize,Shupenze,P-1065,0.5929339477726574,0.603399433427762,213
Diber,Bashkia Bulqize,Trebisht,P-1080,0.5310880829015544,0.6574307304785895,261
Diber,Bashkia Diber,Arras,P-1167,0.5739299610894941,0.49140893470790376,143
Diber,Bashkia Diber,Arras,P-1172,0.44224422442244227,0.6451612903225806,80
Diber,Bashkia Diber,Fushe Muhur,P-1214,0.5841121495327103,0.4896265560165975,118
Diber,Bashkia Diber,Kastriot,P-1195,0.5906040268456376,0.49101796407185627,164
Diber,Bashkia Diber,Kastriot,P-1199,0.5798816568047337,0.5056818181818182,89
Diber,Bashkia Diber,Maqellare,P-1100,0.5079559363525091,0.5914786967418546,236
Diber,Bashkia Diber,Maqellare,P-1107,0.5769230769230769,0.5510204081632653,108
Diber,Bashkia Diber,Melan,P-1126,0.5718562874251497,0.48295454545454547,85
Diber,Bashkia Diber,Melan,P-1129,0.5756302521008403,0.47214854111405835,178
Diber,Bashkia Diber,Peshkopi,P-11361,0.5725190839694656,0.48484848484848486,176
Diber,Bashkia Diber,Sllove,P-1222,0.5879120879120879,0.5431472081218274,107
Diber,Bashkia Diber,Tomin,P-1148,0.5722433460076045,0.5362318840579711,148
Diber,Bashkia Diber,Tomin,P-1154,0.5943396226415094,0.47953216374269003,82
Diber,Bashkia Klos,Gurre,P-0942,0.5893648449039882,0.5294117647058824,198
Diber,Bashkia Klos,Klos (DI),P-0994,0.5798816568047337,0.5645161290322581,210
Diber,Bashkia Klos,Klos (DI),P-09981,0.5931372549019608,0.515695067264574,115
Diber,Bashkia Klos,Klos (DI),P-1002,0.6,0.48095238095238096,101
Diber,Bashkia Klos,Suc,P-1027,0.582716049382716,0.53125,238
Diber,Bashkia Klos,Xiber,P-0962,0.5772811918063314,0.5785953177257525,173
Diber,Bashkia Mat,Burrel,P-0928,0.5275397796817626,0.5759803921568627,235
Diber,Bashkia Mat,Burrel,P-0929,0.48514851485148514,0.6121212121212121,202
Diber,Bashkia Mat,Burrel,P-09291,0.5528089887640449,0.6666666666666666,156
Diber,Bashkia Mat,Burrel,P-0931,0.4581005586592179,0.6177215189873417,244
Diber,Bashkia Mat,Burrel,P-09331,0.6,0.5412186379928315,151
Diber,Bashkia Mat,Lis,P-1005,0.5737265415549598,0.558974358974359,109
Diber,Bashkia Mat,Lis,P-1009,0.4903677758318739,0.7065637065637066,183
Diber,Bashkia Mat,Lis,P-10091,0.49649122807017543,0.6777777777777778,183
Durres,Bashkia Durres,Durres,P-14083,0.36666666666666664,0.6194029850746269,166
Durres,Bashkia Durres,Durres,P-14122,0.41318977119784656,0.62751677852349,187
Durres,Bashkia Durres,Durres,P-14123,0.4375,0.6337579617834395,199
Durres,Bashkia Durres,Durres,P-14152,0.5019973368841545,0.601123595505618,214
Durres,Bashkia Durres,Durres,P-14161,0.4460839954597049,0.6058981233243967,226
Durres,Bashkia Durres,Durres,P-1423,0.46496815286624205,0.6085714285714285,213
Durres,Bashkia Durres,Durres,P-1425,0.5948717948717949,0.6085972850678733,269
Durres,Bashkia Durres,Durres,P-14282,0.3831672203765227,0.65,208
Durres,Bashkia Durres,Durres,P-14292,0.4327044025157233,0.6666666666666666,218
Durres,Bashkia Durres,Durres,P-1430,0.4357405140758874,0.6126126126126126,204
Durres,Bashkia Durres,Durres,P-14322,0.4665809768637532,0.6022727272727273,212
Durres,Bashkia Durres,Durres,P-14371,0.3550973654066438,0.6312292358803987,190
Durres,Bashkia Durres,Durres,P-1438,0.32857142857142857,0.6060606060606061,120
Durres,Bashkia Durres,Durres,P-1440,0.3734249713631157,0.6246056782334385,198
Durres,Bashkia Durres,Durres,P-14401,0.38408304498269896,0.6018808777429467,192
Durres,Bashkia Durres,Durres,P-14492,0.4020771513353116,0.6007604562737643,158
Durres,Bashkia Durres,Durres,P-1451,0.4735042735042735,0.6283524904214559,164
Durres,Bashkia Durres,Durres,P-14701,0.3795698924731183,0.6371681415929203,216
Durres,Bashkia Durres,Durres,P-14702,0.3961038961038961,0.6235955056179775,222
Durres,Bashkia Durres,Durres,P-14704,0.3624733475479744,0.6139817629179332,202
Durres,Bashkia Durres,Durres,P-14751,0.363481228668942,0.6341463414634146,130
Durres,Bashkia Durres,Durres,P-14831,0.36874051593323215,0.6068376068376068,142
Durres,Bashkia Durres,Durres,P-14832,0.4084033613445378,0.7046413502109705,167
Durres,Bashkia Durres,Durres,P-14841,0.32488822652757077,0.6359223300970874,131
Durres,Bashkia Durres,Durres,P-14851,0.321880650994575,0.6149425287356322,107
Durres,Bashkia Durres,Durres,P-14881,0.35094339622641507,0.6444444444444445,116
Durres,Bashkia Durres,Durres,P-14931,0.3578088578088578,0.6013986013986014,172
Durres,Bashkia Durres,Durres,P-1495,0.4787701317715959,0.6269592476489029,200
Durres,Bashkia Durres,Durres,P-14961,0.38809831824062097,0.6411149825783972,184
Durres,Bashkia Durres,Ishem,P-1327,0.3409090909090909,0.6069868995633187,139
Durres,Bashkia Durres,Ishem,P-1329,0.391156462585034,0.6026785714285714,135
Durres,Bashkia Durres,Ishem,P-13291,0.46551724137931033,0.6875,143
Durres,Bashkia Durres,Katund I ri,P-1528,0.37084870848708484,0.6032608695652174,111
Durres,Bashkia Durres,Manez,P-1344,0.36505190311418684,0.6040609137055838,119
Durres,Bashkia Durres,Manez,P-1345,0.44025157232704404,0.6971608832807571,221
Durres,Bashkia Durres,Manez,P-1352,0.4397283531409168,0.6135458167330677,154
Durres,Bashkia Durres,Rashbull,P-1376,0.35812133072407043,0.6477272727272727,114
Durres,Bashkia Durres,Rashbull,P-1379,0.5087108013937283,0.6722488038277512,281
Durres,Bashkia Durres,Rashbull,P-13791,0.5144827586206897,0.5758426966292135,205
Durres,Bashkia Durres,Rashbull,P-13801,0.40600667408231367,0.6358381502890174,220
Durres,Bashkia Durres,Sukth,P-13641,0.3854660347551343,0.6051502145922747,141
Durres,Bashkia Kruje,Bubq,P-1247,0.3674698795180723,0.611353711790393,140
Durres,Bashkia Kruje,Bubq,P-12471,0.46292585170340683,0.6621004566210046,145
Durres,Bashkia Kruje,Bubq,P-12491,0.5936170212765958,0.5517241379310345,144
Durres,Bashkia Kruje,Bubq,P-1250,0.5331452750352609,0.5888888888888889,212
Durres,Bashkia Kruje,Cudhi,P-1263,0.5275080906148867,0.5751633986928104,88
Durres,Bashkia Kruje,Fushe Kruje,P-12951,0.6095820591233435,0.5186500888099467,292
Durres,Bashkia Kruje,Fushe Kruje,P-12971,0.5846456692913385,0.49645390070921985,140
Durres,Bashkia Kruje,Fushe Kruje,P-1300,0.5760517799352751,0.5666003976143141,285
Durres,Bashkia Kruje,Fushe Kruje,P-13031,0.5279605263157895,0.5737704918032787,175
Durres,Bashkia Kruje,Fushe Kruje,P-1304,0.4929881337648328,0.6462585034013606,285
Durres,Bashkia Kruje,Koder Thumane,P-1309,0.4189636163175303,0.6343490304709142,229
Durres,Bashkia Kruje,Koder Thumane,P-1312,0.5078809106830122,0.6145454545454545,169
Durres,Bashkia Kruje,Koder Thumane,P-1315,0.4502564102564103,0.7136038186157518,299
Durres,Bashkia Kruje,Koder Thumane,P-1316,0.5862595419847328,0.5273224043715847,193
Durres,Bashkia Kruje,Koder Thumane,P-13191,0.5495049504950495,0.5950155763239875,191
Durres,Bashkia Kruje,Nikel,P-1285,0.5907738095238095,0.5853658536585366,216
Durres,Bashkia Kruje,Nikel,P-12852,0.5714285714285714,0.5457142857142857,191
Durres,Bashkia Shijak,Gjepalaj,P-1509,0.556930693069307,0.5852534562211982,127
Durres,Bashkia Shijak,Gjepalaj,P-1513,0.4376130198915009,0.6336206896551724,147
Durres,Bashkia Shijak,Maminas,P-1335,0.32907801418439714,0.631336405529954,137
Durres,Bashkia Shijak,Maminas,P-1336,0.3871866295264624,0.71484375,183
Durres,Bashkia Shijak,Maminas,P-1337,0.43112947658402206,0.6179775280898876,165
Durres,Bashkia Shijak,Maminas,P-1338,0.44878048780487806,0.6117216117216118,167
Durres,Bashkia Shijak,Maminas,P-1340,0.4773413897280967,0.7123287671232876,208
Durres,Bashkia Shijak,Maminas,P-1341,0.5293103448275862,0.6040955631399317,177
Durres,Bashkia Shijak,Shijak,P-1388,0.46394984326018807,0.657243816254417,186
Durres,Bashkia Shijak,Shijak,P-13881,0.43209876543209874,0.6632124352331606,128
Durres,Bashkia Shijak,Shijak,P-1390,0.42700729927007297,0.6186186186186187,206
Durres,Bashkia Shijak,Shijak,P-13901,0.44036697247706424,0.6867924528301886,182
Durres,Bashkia Shijak,Shijak,P-1391,0.37753510140405616,0.6016949152542372,142
Durres,Bashkia Shijak,Shijak,P-1392,0.4418238993710692,0.6654411764705882,181
Durres,Bashkia Shijak,Shijak,P-1393,0.4659400544959128,0.6341463414634146,208
Durres,Bashkia Shijak,Shijak,P-1394,0.41679160419790107,0.6053639846743295,158
Durres,Bashkia Shijak,Xhafzotaj,P-13951,0.45565749235474007,0.7412587412587412,106
Durres,Bashkia Shijak,Xhafzotaj,P-1398,0.4583333333333333,0.6897689768976898,209
Durres,Bashkia Shijak,Xhafzotaj,P-1401,0.3991769547325103,0.6397849462365591,119
Elbasan,Bashkia Belsh,Belsh,P-25511,0.44377510040160645,0.6267942583732058,131
Elbasan,Bashkia Belsh,Belsh,P-2554,0.3919308357348703,0.6638655462184874,79
Elbasan,Bashkia Belsh,Belsh,P-2556,0.5153846153846153,0.6266666666666667,282
Elbasan,Bashkia Belsh,Belsh,P-2559,0.42924528301886794,0.6485714285714286,227
Elbasan,Bashkia Belsh,Belsh,P-2560,0.4228187919463087,0.6413793103448275,186
Elbasan,Bashkia Belsh,Grekan,P-2569,0.3932238193018481,0.7298050139275766,262
Elbasan,Bashkia Belsh,Grekan,P-2571,0.46059544658493873,0.6184738955823293,154
Elbasan,Bashkia Belsh,Grekan,P-2572,0.375,0.6534954407294833,215
Elbasan,Bashkia Belsh,Kajan,P-2574,0.4192139737991266,0.6200716845878136,173
Elbasan,Bashkia Belsh,Kajan,P-2577,0.3665644171779141,0.6108597285067874,135
Elbasan,Bashkia Belsh,Kajan,P-2579,0.5680473372781065,0.6730769230769231,175
Elbasan,Bashkia Belsh,Kajan,P-2582,0.3826086956521739,0.725,145
Elbasan,Bashkia Belsh,Rrase,P-2584,0.3127035830618892,0.7204301075268817,67
Elbasan,Bashkia Cerrik,Cerrik,P-2504,0.3294701986754967,0.671957671957672,127
Elbasan,Bashkia Cerrik,Cerrik,P-2505,0.32947232947232946,0.6108786610878661,146
Elbasan,Bashkia Cerrik,Cerrik,P-2506,0.3015006821282401,0.6346153846153846,132
Elbasan,Bashkia Cerrik,Cerrik,P-2508,0.3445378151260504,0.6265560165975104,151
Elbasan,Bashkia Cerrik,Cerrik,P-2512,0.3008982035928144,0.6428571428571429,126
Elbasan,Bashkia Cerrik,Cerrik,P-2513,0.37268128161888703,0.6303317535545023,133
Elbasan,Bashkia Cerrik,Cerrik,P-2515,0.5047169811320755,0.7401315789473685,225
Elbasan,Bashkia Cerrik,Cerrik,P-2518,0.4017412935323383,0.6990291262135923,216
Elbasan,Bashkia Cerrik,Cerrik,P-25181,0.40255009107468126,0.7177033492822966,150
Elbasan,Bashkia Cerrik,Gostime,P-2524,0.3011049723756906,0.6095238095238096,64
Elbasan,Bashkia Cerrik,Gostime,P-2525,0.45874587458745875,0.6176470588235294,84
Elbasan,Bashkia Cerrik,Gostime,P-2526,0.4358974358974359,0.669683257918552,148
Elbasan,Bashkia Cerrik,Gostime,P-2528,0.4106910039113429,0.6757679180887372,198
Elbasan,Bashkia Cerrik,Gostime,P-2534,0.4067584480600751,0.6019108280254777,189
Elbasan,Bashkia Cerrik,Klos (EL),P-2538,0.4670433145009416,0.6416666666666667,154
Elbasan,Bashkia Cerrik,Mollas (EL),P-2544,0.42082738944365194,0.6879432624113475,194
Elbasan,Bashkia Cerrik,Mollas (EL),P-2545,0.45734597156398105,0.6657303370786517,237
Elbasan,Bashkia Cerrik,Mollas (EL),P-2546,0.44471744471744473,0.6094674556213018,206
Elbasan,Bashkia Cerrik,Mollas (EL),P-2547,0.4147651006711409,0.6284722222222222,181
Elbasan,Bashkia Cerrik,Mollas (EL),P-2548,0.5076142131979695,0.6216931216931217,235
Elbasan,Bashkia Cerrik,Mollas (EL),P-2549,0.4128878281622912,0.6385542168674698,106
Elbasan,Bashkia Elbasan,Bradashesh,P-2381,0.5263157894736842,0.6379310344827587,111
Elbasan,Bashkia Elbasan,Bradashesh,P-2383,0.4971751412429379,0.6018808777429467,192
Elbasan,Bashkia Elbasan,Bradashesh,P-2385,0.5989974937343359,0.5295454545454545,233
Elbasan,Bashkia Elbasan,Bradashesh,P-2388,0.5766062602965404,0.4909090909090909,162
Elbasan,Bashkia Elbasan,Bradashesh,P-23941,0.5105263157894737,0.6293436293436293,163
Elbasan,Bashkia Elbasan,Bradashesh,P-2395,0.5136842105263157,0.6375838926174496,285
Elbasan,Bashkia Elbasan,Bradashesh,P-23951,0.5671191553544495,0.5976331360946746,202
Elbasan,Bashkia Elbasan,Bradashesh,P-2397,0.5339805825242718,0.6111111111111112,220
Elbasan,Bashkia Elbasan,Elbasan,P-23021,0.5707472178060413,0.5028248587570622,178
Elbasan,Bashkia Elbasan,Elbasan,P-2310,0.4024266936299292,0.6377952755905512,243
Elbasan,Bashkia Elbasan,Elbasan,P-23112,0.41294298921417566,0.6221374045801527,163
Elbasan,Bashkia Elbasan,Elbasan,P-2316,0.49027635619242577,0.6175824175824176,281
Elbasan,Bashkia Elbasan,Elbasan,P-23281,0.5073529411764706,0.5900216919739696,272
Elbasan,Bashkia Elbasan,Elbasan,P-2329,0.4933862433862434,0.6089385474860335,218
Elbasan,Bashkia Elbasan,Elbasan,P-23292,0.5085536547433903,0.5860927152317881,177
Elbasan,Bashkia Elbasan,Elbasan,P-2333,0.48065173116089616,0.6121495327102804,262
Elbasan,Bashkia Elbasan,Elbasan,P-2335,0.5235235235235235,0.6060606060606061,300
Elbasan,Bashkia Elbasan,Elbasan,P-2368,0.47469635627530365,0.6111111111111112,264
Elbasan,Bashkia Elbasan,Elbasan,P-23681,0.532520325203252,0.5859213250517599,283
Elbasan,Bashkia Elbasan,Elbasan,P-2375,0.391304347826087,0.6264591439688716,161
Elbasan,Bashkia Elbasan,Elbasan,P-23751,0.35714285714285715,0.6363636363636364,112
Elbasan,Bashkia Elbasan,Elbasan,P-23761,0.530241935483871,0.6372950819672131,311
Elbasan,Bashkia Elbasan,Funare,P-2398,0.5054945054945055,0.6869158878504673,147
Elbasan,Bashkia Elbasan,Funare,P-2401,0.5785256410256411,0.6209912536443148,213
Elbasan,Bashkia Elbasan,Gjergjan,P-2452,0.45794392523364486,0.6080246913580247,197
Elbasan,Bashkia Elbasan,Gjergjan,P-24521,0.43149284253578735,0.7157360406091371,141
Elbasan,Bashkia Elbasan,Gjergjan,P-24531,0.42857142857142855,0.6014234875444839,169
Elbasan,Bashkia Elbasan,Gjergjan,P-2454,0.4166666666666667,0.7079646017699115,160
Elbasan,Bashkia Elbasan,Gjergjan,P-24541,0.5286885245901639,0.5914893617021276,139
Elbasan,Bashkia Elbasan,Gjergjan,P-2457,0.44379562043795623,0.706959706959707,193
Elbasan,Bashkia Elbasan,Gjinar,P-2458,0.5922330097087378,0.6621621621621622,147
Elbasan,Bashkia Elbasan,Gjinar,P-2459,0.518783542039356,0.6468531468531469,185
Elbasan,Bashkia Elbasan,Gjinar,P-2461,0.5450980392156862,0.5876288659793815,228
Elbasan,Bashkia Elbasan,Gjinar,P-2463,0.5659090909090909,0.5914893617021276,139
Elbasan,Bashkia Elbasan,Gjinar,P-2467,0.41164241164241167,0.6974358974358974,136
Elbasan,Bashkia Elbasan,Gracen,P-2412,0.5763888888888888,0.6929824561403509,158
Elbasan,Bashkia Elbasan,Gracen,P-2415,0.6049661399548533,0.5210727969348659,136
Elbasan,Bashkia Elbasan,Gracen,P-2416,0.543026706231454,0.6264367816091954,109
Elbasan,Bashkia Elbasan,Labinot mal,P-2429,0.6045340050377834,0.5133928571428571,115
Elbasan,Bashkia Elbasan,Labinot mal,P-2434,0.5935919055649241,0.512987012987013,158
Elbasan,Bashkia Elbasan,Paper,P-2441,0.4691358024691358,0.6312056737588653,89
Elbasan,Bashkia Elbasan,Shirgjan,P-2469,0.511744966442953,0.6838487972508591,199
Elbasan,Bashkia Elbasan,Shirgjan,P-24701,0.48872180451127817,0.6234817813765182,154
Elbasan,Bashkia Elbasan,Shirgjan,P-24731,0.46734397677793904,0.639344262295082,195
Elbasan,Bashkia Elbasan,Shirgjan,P-2474,0.40505050505050505,0.6542553191489362,246
Elbasan,Bashkia Elbasan,Shirgjan,P-24741,0.441340782122905,0.7114093959731543,212
Elbasan,Bashkia Elbasan,Shushice,P-2482,0.4846560846560847,0.7136363636363636,314
Elbasan,Bashkia Elbasan,Shushice,P-2483,0.4432234432234432,0.7208588957055214,235
Elbasan,Bashkia Elbasan,Shushice,P-2485,0.5752808988764045,0.5583333333333333,134
Elbasan,Bashkia Elbasan,Tregan,P-2491,0.5121951219512195,0.6767241379310345,157
Elbasan,Bashkia Elbasan,Zavaline,P-2498,0.40350877192982454,0.6432160804020101,128
Elbasan,Bashkia Elbasan,Zavaline,P-2501,0.5775962660443408,0.6507276507276507,313
Elbasan,Bashkia Gramsh,Gramsh,P-2595,0.4740740740740741,0.6445182724252492,194
Elbasan,Bashkia Gramsh,Gramsh,P-2596,0.43911439114391143,0.6985507246376812,241
Elbasan,Bashkia Gramsh,Gramsh,P-25961,0.503030303030303,0.6947040498442367,223
Elbasan,Bashkia Gramsh,Gramsh,P-2599,0.5389221556886228,0.5726495726495726,201
Elbasan,Bashkia Gramsh,Gramsh,P-2600,0.47348951911220716,0.6097560975609756,225
Elbasan,Bashkia Gramsh,Gramsh,P-2601,0.5700483091787439,0.5011185682326622,224
Elbasan,Bashkia Gramsh,Gramsh,P-2602,0.49931224209078406,0.6381766381766382,224
Elbasan,Bashkia Gramsh,Gramsh,P-2603,0.5669546436285097,0.6129032258064516,304
Elbasan,Bashkia Gramsh,Gramsh,P-2604,0.478310502283105,0.6161616161616161,244
Elbasan,Bashkia Gramsh,Gramsh,P-2606,0.4975369458128079,0.6097560975609756,175
Elbasan,Bashkia Gramsh,Kodovjat,P-2609,0.5111731843575419,0.591715976331361,100
Elbasan,Bashkia Gramsh,Kodovjat,P-2614,0.5934718100890207,0.5372340425531915,101
Elbasan,Bashkia Gramsh,Kodovjat,P-2617,0.5582959641255605,0.6351931330472103,148
Elbasan,Bashkia Gramsh,Kukur,P-2620,0.5272988505747126,0.5885885885885885,196
Elbasan,Bashkia Gramsh,Kukur,P-2622,0.5412371134020618,0.5736040609137056,113
Elbasan,Bashkia Gramsh,Kukur,P-2627,0.5260416666666666,0.6397849462365591,119
Elbasan,Bashkia Gramsh,Kushove,P-2630,0.5738095238095238,0.6230936819172114,286
Elbasan,Bashkia Gramsh,Lenie,P-2642,0.5308804204993429,0.6356382978723404,239
Elbasan,Bashkia Gramsh,Pishaj,P-2644,0.49870801033591733,0.6391184573002755,232
Elbasan,Bashkia Gramsh,Pishaj,P-2647,0.5880829015544041,0.6834862385321101,149
Elbasan,Bashkia Gramsh,Pishaj,P-2649,0.5718954248366013,0.6549707602339181,112
Elbasan,Bashkia Gramsh,Pishaj,P-2651,0.60625,0.5620437956204379,154
Elbasan,Bashkia Gramsh,Pishaj,P-2652,0.5945945945945946,0.5706806282722513,109
Elbasan,Bashkia Gramsh,Pishaj,P-2654,0.5967741935483871,0.6149425287356322,107
Elbasan,Bashkia Gramsh,Pishaj,P-2656,0.5429362880886427,0.5757575757575758,209
Elbasan,Bashkia Gramsh,Pishaj,P-2657,0.5019685039370079,0.6557377049180327,160
Elbasan,Bashkia Gramsh,Porocan,P-2664,0.5565092989985694,0.7039274924471299,233
Elbasan,Bashkia Gramsh,Porocan,P-2666,0.5738758029978587,0.7025862068965517,163
Elbasan,Bashkia Gramsh,Skenderbegas,P-26751,0.5417515274949084,0.6349206349206349,160
Elbasan,Bashkia Gramsh,Sult,P-2686,0.5393474088291746,0.6479400749063671,173
Elbasan,Bashkia Gramsh,Tunje,P-2694,0.51338199513382,0.6119402985074627,123
Elbasan,Bashkia Gramsh,Tunje,P-2695,0.5797546012269938,0.5397727272727273,95
Elbasan,Bashkia Librazhd,Hotolisht,P-27611,0.5740740740740741,0.5459770114942529,95
Elbasan,Bashkia Librazhd,Hotolisht,P-2762,0.48180494905385735,0.7161716171617162,217
Elbasan,Bashkia Librazhd,Hotolisht,P-2763,0.6016666666666667,0.5642633228840125,180
Elbasan,Bashkia Librazhd,Hotolisht,P-2764,0.5258426966292135,0.7443946188340808,166
Elbasan,Bashkia Librazhd,Hotolisht,P-2767,0.5407279029462738,0.6618705035971223,184
Elbasan,Bashkia Librazhd,Hotolisht,P-2768,0.553921568627451,0.6205787781350482,193
Elbasan,Bashkia Librazhd,Hotolisht,P-27681,0.5233463035019456,0.6042553191489362,142
Elbasan,Bashkia Librazhd,Librazhd,P-2706,0.6008537886872999,0.576427255985267,313
Elbasan,Bashkia Librazhd,Librazhd,P-2707,0.5598739495798319,0.591715976331361,300
Elbasan,Bashkia Librazhd,Librazhd,P-27071,0.5486827033218786,0.5816993464052288,267
Elbasan,Bashkia Librazhd,Librazhd,P-2708,0.5730688935281837,0.5572519083969466,292
Elbasan,Bashkia Librazhd,Lunik,P-2715,0.48911465892597966,0.7327044025157232,233
Elbasan,Bashkia Librazhd,Lunik,P-2716,0.48184818481848185,0.7463768115942029,103
Elbasan,Bashkia Librazhd,Orenje,P-2719,0.5976714100905562,0.6161137440758294,260
Elbasan,Bashkia Librazhd,Orenje,P-2720,0.5941176470588235,0.726643598615917,210
Elbasan,Bashkia Librazhd,Orenje,P-2723,0.4723809523809524,0.7149532710280374,153
Elbasan,Bashkia Librazhd,Orenje,P-2724,0.5642633228840125,0.7,112
Elbasan,Bashkia Librazhd,Orenje,P-2726,0.5205992509363296,0.6039215686274509,154
Elbasan,Bashkia Librazhd,Orenje,P-2728,0.5409429280397022,0.6127450980392157,125
Elbasan,Bashkia Librazhd,Polis,P-2731,0.5228276877761414,0.6067073170731707,199
Elbasan,Bashkia Librazhd,Polis,P-2732,0.45091693635382957,0.6946564885496184,273
Elbasan,Bashkia Librazhd,Polis,P-2733,0.5226666666666666,0.712707182320442,129
Elbasan,Bashkia Librazhd,Polis,P-2735,0.43174250832408434,0.7093333333333334,266
Elbasan,Bashkia Librazhd,Qender - Librazhd,P-2738,0.5823863636363636,0.49230769230769234,96
Elbasan,Bashkia Librazhd,Qender - Librazhd,P-2744,0.5476673427991886,0.6679841897233202,169
Elbasan,Bashkia Librazhd,Qender - Librazhd,P-2747,0.5381750465549349,0.6311787072243346,166
Elbasan,Bashkia Librazhd,Qender - Librazhd,P-2753,0.5942492012779552,0.6187845303867403,112
Elbasan,Bashkia Librazhd,Stebleve,P-2754,0.503030303030303,0.575107296137339,134
Elbasan,Bashkia Peqin,Gjocaj,P-2244,0.3768506056527591,0.6031746031746031,152
Elbasan,Bashkia Peqin,Karine,P-2252,0.5208816705336426,0.5949074074074074,257
Elbasan,Bashkia Peqin,Karine,P-2253,0.4666666666666667,0.7364864864864865,109
Elbasan,Bashkia Peqin,Karine,P-2255,0.5033333333333333,0.6056338028169014,86
Elbasan,Bashkia Peqin,Pajove,P-2261,0.4037854889589905,0.6460176991150443,73
Elbasan,Bashkia Peqin,Pajove,P-2264,0.4546899841017488,0.7132352941176471,194
Elbasan,Bashkia Peqin,Pajove,P-2265,0.5085158150851582,0.6372549019607843,260
Elbasan,Bashkia Peqin,Pajove,P-2269,0.43036386449184444,0.6317460317460317,199
Elbasan,Bashkia Peqin,Peqin,P-22732,0.6037735849056604,0.5454545454545454,30
Elbasan,Bashkia Peqin,Peqin,P-2274,0.5379609544468547,0.5796178343949044,273
Elbasan,Bashkia Peqin,Peqin,P-22741,0.4734576757532281,0.6837060702875399,214
Elbasan,Bashkia Peqin,Sheze,P-2294,0.4073319755600815,0.6142131979695431,121
Elbasan,Bashkia Peqin,Sheze,P-2297,0.4026996625421822,0.6524216524216524,229
Elbasan,Bashkia Prrenjas,Prrenjas,P-2774,0.6029055690072639,0.4956896551724138,230
Elbasan,Bashkia Prrenjas,Qukes,P-2779,0.5814360770577933,0.5142857142857142,162
Elbasan,Bashkia Prrenjas,Qukes,P-2783,0.5455950540958269,0.6153846153846154,208
Elbasan,Bashkia Prrenjas,Qukes,P-2784,0.5290237467018469,0.582010582010582,220
Elbasan,Bashkia Prrenjas,Qukes,P-27841,0.611965811965812,0.5634218289085545,191
Elbasan,Bashkia Prrenjas,Qukes,P-27842,0.584493041749503,0.6534296028880866,181
Elbasan,Bashkia Prrenjas,Qukes,P-2785,0.5103448275862069,0.6441281138790036,181
Elbasan,Bashkia Prrenjas,Rajce,P-2793,0.5231316725978647,0.6903914590747331,194
Elbasan,Bashkia Prrenjas,Rajce,P-2796,0.6145833333333334,0.5090543259557344,253
Elbasan,Bashkia Prrenjas,Stravaj,P-2799,0.5887850467289719,0.5555555555555556,160
Fier,Bashkia Divjake,Divjake,P-29321,0.4682274247491639,0.6083650190114068,160
Fier,Bashkia Divjake,Grabian,P-29481,0.5009310986964618,0.5789473684210527,143
Fier,Bashkia Divjake,Gradisht,P-2955,0.5269709543568465,0.6904109589041096,252
Fier,Bashkia Divjake,Gradisht,P-2956,0.5161662817551963,0.7357142857142858,309
Fier,Bashkia Divjake,Gradisht,P-2957,0.536697247706422,0.7095808383233533,237
Fier,Bashkia Divjake,Gradisht,P-2960,0.5194300518134715,0.7072538860103627,273
Fier,Bashkia Divjake,Gradisht,P-2961,0.49759615384615385,0.601010101010101,119
Fier,Bashkia Divjake,Remas,P-2976,0.5829493087557603,0.5082644628099173,123
Fier,Bashkia Divjake,Remas,P-2980,0.554531490015361,0.6111111111111112,209
Fier,Bashkia Divjake,Remas,P-2982,0.3117283950617284,0.6666666666666666,62
Fier,Bashkia Divjake,Terbuf,P-28451,0.33962264150943394,0.6709401709401709,157
Fier,Bashkia Divjake,Terbuf,P-28471,0.4300202839756592,0.6217616580310881,120
Fier,Bashkia Divjake,Terbuf,P-2848,0.4855195911413969,0.6113207547169811,162
Fier,Bashkia Divjake,Terbuf,P-28481,0.42207792207792205,0.6368715083798883,114
Fier,Bashkia Divjake,Terbuf,P-2850,0.44029850746268656,0.6145454545454545,169
Fier,Bashkia Divjake,Terbuf,P-28501,0.4115308151093439,0.6182795698924731,115
Fier,Bashkia Divjake,Terbuf,P-2851,0.4388059701492537,0.6052631578947368,161
Fier,Bashkia Fier,Cakran,P-3095,0.4918518518518519,0.6024844720496895,194
Fier,Bashkia Fier,Cakran,P-3101,0.556745182012848,0.58,145
Fier,Bashkia Fier,Cakran,P-3103,0.44660194174757284,0.6084142394822006,188
Fier,Bashkia Fier,Cakran,P-3104,0.49744897959183676,0.6833333333333333,123
Fier,Bashkia Fier,Cakran,P-3105,0.5437352245862884,0.6210045662100456,272
Fier,Bashkia Fier,Cakran,P-3109,0.5811965811965812,0.5318352059925093,142
Fier,Bashkia Fier,Cakran,P-3110,0.38610478359908884,0.6182965299684543,196
Fier,Bashkia Fier,Dermenas,P-3148,0.36414048059149723,0.654054054054054,121
Fier,Bashkia Fier,Dermenas,P-31511,0.3993660855784469,0.6300813008130082,155
Fier,Bashkia Fier,Fier,P-29841,0.4527098831030818,0.6294536817102138,265
Fier,Bashkia Fier,Fier,P-2989,0.3975501113585746,0.6457142857142857,226
Fier,Bashkia Fier,Fier,P-29921,0.529192546583851,0.5961070559610706,245
Fier,Bashkia Fier,Fier,P-29941,0.4703703703703704,0.6330645161290323,157
Fier,Bashkia Fier,Fier,P-29961,0.4152823920265781,0.644808743169399,236
Fier,Bashkia Fier,Fier,P-29992,0.43356643356643354,0.6490066225165563,196
Fier,Bashkia Fier,Fier,P-30052,0.45297297297297295,0.6039119804400978,247
Fier,Bashkia Fier,Fier,P-3009,0.44015444015444016,0.6526946107784432,218
Fier,Bashkia Fier,Fier,P-30091,0.44212218649517687,0.6217228464419475,166
Fier,Bashkia Fier,Fier,P-30101,0.5170068027210885,0.571917808219178,167
Fier,Bashkia Fier,Fier,P-30171,0.4586092715231788,0.6162361623616236,167
Fier,Bashkia Fier,Fier,P-30181,0.4939271255060729,0.6348314606741573,226
Fier,Bashkia Fier,Fier,P-30191,0.4592274678111588,0.7067307692307693,147
Fier,Bashkia Fier,Fier,P-30222,0.46682750301568154,0.6189189189189189,229
Fier,Bashkia Fier,Fier,P-30271,0.45391061452513964,0.6881028938906752,214
Fier,Bashkia Fier,Frakull,P-3156,0.40660919540229884,0.6931407942238267,192
Fier,Bashkia Fier,Frakull,P-3157,0.40190476190476193,0.6526315789473685,124
Fier,Bashkia Fier,Frakull,P-3158,0.4720357941834452,0.6617647058823529,135
Fier,Bashkia Fier,Frakull,P-3160,0.5169133192389006,0.625,295
Fier,Bashkia Fier,Frakull,P-3162,0.5876923076923077,0.48441926345609065,171
Fier,Bashkia Fier,Levan,P-3169,0.35384615384615387,0.6272727272727273,207
Fier,Bashkia Fier,Levan,P-3170,0.36995153473344106,0.7083333333333334,153
Fier,Bashkia Fier,Levan,P-3173,0.37009063444108764,0.6877637130801688,163
Fier,Bashkia Fier,Libofshe,P-3185,0.39050131926121373,0.7272727272727273,208
Fier,Bashkia Fier,Libofshe,P-3188,0.44635627530364375,0.6627358490566038,281
Fier,Bashkia Fier,Libofshe,P-3189,0.4330708661417323,0.6763285024154589,140
Fier,Bashkia Fier,Libofshe,P-3190,0.35977859778597787,0.6577540106951871,123
Fier,Bashkia Fier,Libofshe,P-3191,0.38209331651954603,0.710801393728223,204
Fier,Bashkia Fier,Libofshe,P-3196,0.42311886586695746,0.6027397260273972,220
Fier,Bashkia Fier,Libofshe,P-3197,0.42875647668393785,0.6708860759493671,212
Fier,Bashkia Fier,Mbrostar,P-32051,0.6082089552238806,0.5328947368421053,162
Fier,Bashkia Fier,Portez,P-31191,0.47649572649572647,0.6121495327102804,131
Fier,Bashkia Fier,Portez,P-3120,0.45057766367137353,0.6355421686746988,211
Fier,Bashkia Fier,Qender - Fier,P-3125,0.4619164619164619,0.6551724137931034,114
Fier,Bashkia Fier,Qender - Fier,P-3130,0.42168674698795183,0.7352941176470589,175
Fier,Bashkia Fier,Qender - Fier,P-3131,0.4896755162241888,0.6237942122186495,194
Fier,Bashkia Fier,Qender - Fier,P-3132,0.4662379421221865,0.6383495145631068,263
Fier,Bashkia Fier,Topoje,P-3209,0.38461538461538464,0.704225352112676,250
Fier,Bashkia Fier,Topoje,P-32111,0.43870967741935485,0.6578947368421053,125
Fier,Bashkia Fier,Topoje,P-3212,0.4602803738317757,0.7311827956989247,136
Fier,Bashkia Fier,Topoje,P-3214,0.4336175395858709,0.6253602305475504,217
Fier,Bashkia Lushnje,Allkaj,P-2893,0.5439252336448598,0.6290909090909091,173
Fier,Bashkia Lushnje,Allkaj,P-2896,0.5155709342560554,0.6428571428571429,279
Fier,Bashkia Lushnje,Ballagat,P-2804,0.41714285714285715,0.6067073170731707,199
Fier,Bashkia Lushnje,Bubullime,P-2903,0.5373891001267427,0.5950617283950618,241
Fier,Bashkia Lushnje,Bubullime,P-2904,0.5811023622047244,0.6096866096866097,214
Fier,Bashkia Lushnje,Dushk,P-2812,0.4341317365269461,0.6113207547169811,162
Fier,Bashkia Lushnje,Dushk,P-2813,0.4348279457768509,0.6262886597938144,243
Fier,Bashkia Lushnje,Fier Shegan,P-2906,0.5703245749613601,0.5170454545454546,182
Fier,Bashkia Lushnje,Fier Shegan,P-2915,0.34805194805194806,0.6016949152542372,71
Fier,Bashkia Lushnje,Fier Shegan,P-2918,0.5046854082998661,0.6173913043478261,213
Fier,Bashkia Lushnje,Golem (FR),P-2825,0.5093378607809848,0.5734265734265734,164
Fier,Bashkia Lushnje,Golem (FR),P-2826,0.5040257648953301,0.7166666666666667,215
Fier,Bashkia Lushnje,Golem (FR),P-2829,0.403030303030303,0.7016129032258065,87
Fier,Bashkia Lushnje,Karbunare,P-2835,0.5093632958801498,0.680672268907563,162
Fier,Bashkia Lushnje,Karbunare,P-28351,0.5075268817204301,0.6150234741784038,131
Fier,Bashkia Lushnje,Karbunare,P-2838,0.5584045584045584,0.7433155080213903,139
Fier,Bashkia Lushnje,Karbunare,P-2839,0.5864485981308412,0.5836909871244635,136
Fier,Bashkia Lushnje,Kolonje,P-2966,0.52925877763329,0.6564885496183206,258
Fier,Bashkia Lushnje,Kolonje,P-2974,0.5268817204301075,0.6804979253112033,164
Fier,Bashkia Lushnje,Krutje,P-2919,0.5890570430733411,0.6830265848670757,334
Fier,Bashkia Lushnje,Krutje,P-2920,0.5368782161234992,0.5733788395904437,168
Fier,Bashkia Lushnje,Krutje,P-29201,0.5219683655536028,0.5890909090909091,162
Fier,Bashkia Lushnje,Krutje,P-2921,0.5934959349593496,0.7425373134328358,199
Fier,Bashkia Lushnje,Krutje,P-2922,0.49876543209876545,0.640625,123
Fier,Bashkia Lushnje,Krutje,P-2924,0.5620437956204379,0.6319444444444444,273
Fier,Bashkia Lushnje,Krutje,P-2926,0.5774946921443737,0.640926640926641,166
Fier,Bashkia Lushnje,Krutje,P-2927,0.5088300220750552,0.62,279
Fier,Bashkia Lushnje,Krutje,P-2928,0.5502283105022832,0.7391304347826086,170
Fier,Bashkia Lushnje,Lushnje,P-2857,0.4821705426356589,0.6091205211726385,187
Fier,Bashkia Lushnje,Lushnje,P-2860,0.43435754189944137,0.6033333333333334,181
Fier,Bashkia Lushnje,Lushnje,P-2863,0.46904024767801855,0.6258741258741258,179
Fier,Bashkia Lushnje,Lushnje,P-2865,0.448512585812357,0.6197916666666666,238
Fier,Bashkia Lushnje,Lushnje,P-2871,0.34701986754966885,0.73046875,187
Fier,Bashkia Lushnje,Lushnje,P-2881,0.446875,0.6227758007117438,175
Fier,Bashkia Lushnje,Lushnje,P-28861,0.5031055900621118,0.5732758620689655,133
Fier,Bashkia Mallakaster,Aranitas,P-3217,0.455535390199637,0.6244541484716157,143
Fier,Bashkia Mallakaster,Ballsh,P-32291,0.4467680608365019,0.6383928571428571,143
Fier,Bashkia Mallakaster,Fratar,P-3232,0.5116279069767442,0.6006191950464397,194
Fier,Bashkia Mallakaster,Fratar,P-3233,0.5118110236220472,0.6402116402116402,121
Fier,Bashkia Mallakaster,Hekal,P-3140,0.5081206496519721,0.6712962962962963,145
Fier,Bashkia Mallakaster,Kute,P-3243,0.4447058823529412,0.7333333333333333,132
Fier,Bashkia Mallakaster,Kute,P-3244,0.4164859002169197,0.6611111111111111,119
Fier,Bashkia Patos,Patos,P-30721,0.35563380281690143,0.6153846153846154,120
Fier,Bashkia Patos,Patos,P-30761,0.55859375,0.5862068965517241,153
Fier,Bashkia Patos,Patos,P-30793,0.6109324758842444,0.5084745762711864,90
Fier,Bashkia Patos,Patos,P-3080,0.32664756446991405,0.6192660550458715,135
Fier,Bashkia Patos,Patos,P-30801,0.3783783783783784,0.6218905472636815,125
Fier,Bashkia Patos,Patos,P-3082,0.3522222222222222,0.662379421221865,206
Fier,Bashkia Patos,Ruzhdie,P-3053,0.5446540880503145,0.5728155339805825,236
Fier,Bashkia Patos,Ruzhdie,P-3054,0.5965217391304348,0.6677316293929713,209
Fier,Bashkia Patos,Zharrez,P-3089,0.5176093916755603,0.5912087912087912,269
Fier,Bashkia Patos,Zharrez,P-3090,0.4596977329974811,0.7393767705382436,261
Fier,Bashkia Patos,Zharrez,P-3091,0.5725677830940988,0.7302052785923754,249
Fier,Bashkia Patos,Zharrez,P-3092,0.5428893905191874,0.6209150326797386,285
Fier,Bashkia Roskovec,Kurjan,P-3039,0.49846782431052095,0.6082251082251082,281
Fier,Bashkia Roskovec,Kurjan,P-3042,0.5100250626566416,0.6231155778894473,248
Fier,Bashkia Roskovec,Kurjan,P-3043,0.5249221183800623,0.5768025078369906,184
Fier,Bashkia Roskovec,Kurjan,P-3044,0.4834123222748815,0.6548223350253807,129
Fier,Bashkia Roskovec,Roskovec,P-30451,0.45898778359511344,0.6181102362204725,157
Fier,Bashkia Roskovec,Strum,P-3060,0.6192893401015228,0.518581081081081,307
Fier,Bashkia Roskovec,Strum,P-3061,0.5846153846153846,0.5433403805496829,257
Gjirokaster,Bashkia Gjirokaster,Antigone,P-4265,0.6070110701107011,0.6130030959752322,198
Gjirokaster,Bashkia Gjirokaster,Antigone,P-4267,0.3360655737704918,0.6554621848739496,78
Gjirokaster,Bashkia Gjirokaster,Cepo,P-4232,0.5838709677419355,0.5888888888888889,106
Gjirokaster,Bashkia Gjirokaster,Gjirokaster,P-4238,0.5204216073781291,0.6016042780748663,225
Gjirokaster,Bashkia Gjirokaster,Gjirokaster,P-42381,0.4726134585289515,0.6006944444444444,173
Gjirokaster,Bashkia Gjirokaster,Gjirokaster,P-4239,0.5619295958279009,0.5758293838862559,243
Gjirokaster,Bashkia Gjirokaster,Gjirokaster,P-42391,0.5092436974789916,0.6332179930795848,183
Gjirokaster,Bashkia Gjirokaster,Gjirokaster,P-4240,0.4934640522875817,0.6374133949191686,276
Gjirokaster,Bashkia Gjirokaster,Gjirokaster,P-4244,0.5059347181008902,0.5843373493975904,194
Gjirokaster,Bashkia Gjirokaster,Gjirokaster,P-4245,0.5018867924528302,0.572538860103627,221
Gjirokaster,Bashkia Gjirokaster,Gjirokaster,P-42451,0.4937833037300178,0.6717557251908397,176
Gjirokaster,Bashkia Gjirokaster,Gjirokaster,P-4246,0.47908232118758437,0.608955223880597,204
Gjirokaster,Bashkia Gjirokaster,Gjirokaster,P-42461,0.5070671378091873,0.6258992805755396,174
Gjirokaster,Bashkia Gjirokaster,Gjirokaster,P-4247,0.3995459704880817,0.7189349112426036,243
Gjirokaster,Bashkia Gjirokaster,Gjirokaster,P-42471,0.4155251141552511,0.6770538243626062,239
Gjirokaster,Bashkia Gjirokaster,Gjirokaster,P-4249,0.4084507042253521,0.6428571428571429,180
Gjirokaster,Bashkia Gjirokaster,Gjirokaster,P-4250,0.3616298811544992,0.6294416243654822,124
Gjirokaster,Bashkia Gjirokaster,Gjirokaster,P-42501,0.4439918533604888,0.6540284360189573,138
Gjirokaster,Bashkia Gjirokaster,Gjirokaster,P-4251,0.4582089552238806,0.6312292358803987,190
Gjirokaster,Bashkia Gjirokaster,Gjirokaster,P-4258,0.6148738379814077,0.5408388520971302,245
Gjirokaster,Bashkia Kelcyre,Dishnice,P-4146,0.43429844097995546,0.6010362694300518,116
Gjirokaster,Bashkia Kelcyre,Dishnice,P-4150,0.3434065934065934,0.6186440677966102,73
Gjirokaster,Bashkia Kelcyre,Suke,P-4209,0.45852534562211983,0.6684210526315789,127
Gjirokaster,Bashkia Kelcyre,Suke,P-4222,0.4166666666666667,0.6715328467153284,92
Gjirokaster,Bashkia Libohove,Qender-Libohove,P-4332,0.3435448577680525,0.6428571428571429,99
Gjirokaster,Bashkia Memaliaj,Buz,P-3378,0.3911007025761124,0.6172839506172839,100
Gjirokaster,Bashkia Memaliaj,F. Memaliaj,P-4350,0.5567928730512249,0.6607142857142857,148
Gjirokaster,Bashkia Memaliaj,Krahes,P-3391,0.4931129476584022,0.6178343949044586,97
Gjirokaster,Bashkia Memaliaj,Luftinje,P-3402,0.44110854503464203,0.7058823529411765,132
Gjirokaster,Bashkia Memaliaj,Luftinje,P-3404,0.371900826446281,0.6101694915254238,72
Gjirokaster,Bashkia Memaliaj,Luftinje,P-3413,0.367816091954023,0.6111111111111112,77
Gjirokaster,Bashkia Memaliaj,Memaliaj,P-4366,0.3451910408432148,0.6092436974789915,145
Gjirokaster,Bashkia Memaliaj,Qesarat,P-4386,0.4245689655172414,0.6149732620320856,115
Gjirokaster,Bashkia Memaliaj,Qesarat,P-4390,0.44292803970223327,0.640117994100295,217
Gjirokaster,Bashkia Permet,Permet,P-41721,0.4558659217877095,0.6197916666666666,238
Gjirokaster,Bashkia Permet,Permet,P-41731,0.4953271028037383,0.6101694915254238,216
Gjirokaster,Bashkia Permet,Permet,P-4174,0.3657548125633232,0.6083086053412463,205
Gjirokaster,Bashkia Permet,Qender - Piskove,P-4201,0.4226375908618899,0.6443298969072165,250
Gjirokaster,Bashkia Permet,Qender - Piskove,P-4206,0.6033333333333334,0.5287356321839081,92
Gjirokaster,Bashkia Tepelene,Kurvelesh,P-4356,0.477891156462585,0.6292134831460674,168
Gjirokaster,Bashkia Tepelene,Lopes,P-4360,0.4819004524886878,0.6153846153846154,128
Gjirokaster,Bashkia Tepelene,Qender - Tepelene,P-4377,0.45,0.6647398843930635,115
Gjirokaster,Bashkia Tepelene,Qender - Tepelene,P-4378,0.5412844036697247,0.5707964601769911,129
Gjirokaster,Bashkia Tepelene,Qender - Tepelene,P-4380,0.49299719887955185,0.6785714285714286,114
Gjirokaster,Bashkia Tepelene,Tepelene,P-4391,0.47299509001636664,0.7018181818181818,193
Gjirokaster,Bashkia Tepelene,Tepelene,P-43911,0.49765258215962443,0.6798029556650246,138
Gjirokaster,Bashkia Tepelene,Tepelene,P-4396,0.517948717948718,0.608421052631579,289
Korce,Bashkia Devoll,Bilisht,P-3983,0.613564668769716,0.544973544973545,206
Korce,Bashkia Devoll,Hocisht,P-3984,0.5702364394993046,0.5126903553299492,202
Korce,Bashkia Devoll,Miras,P-3998,0.5775656324582339,0.6754385964912281,154
Korce,Bashkia Devoll,Miras,P-3999,0.41929499072356213,0.627906976744186,135
Korce,Bashkia Devoll,Miras,P-4010,0.5727040816326531,0.49176470588235294,209
Korce,Bashkia Devoll,Proger,P-3755,0.6152694610778443,0.4872448979591837,191
Korce,Bashkia Kolonje,clirim,P-4040,0.3838383838383838,0.7062146892655368,125
Korce,Bashkia Kolonje,Erseke,P-4044,0.5338235294117647,0.5771428571428572,202
Korce,Bashkia Kolonje,Erseke,P-40441,0.4704724409448819,0.6323529411764706,129
Korce,Bashkia Kolonje,Erseke,P-40451,0.5072765072765073,0.6077586206896551,141
Korce,Bashkia Kolonje,Erseke,P-4047,0.4873417721518987,0.6335616438356164,185
Korce,Bashkia Kolonje,Qender - Erseke,P-4074,0.6112026359143328,0.4766081871345029,163
Korce,Bashkia Kolonje,Qender - Erseke,P-4086,0.484593837535014,0.6441717791411042,105
Korce,Bashkia Korce,Drenove,P-3702,0.5380116959064327,0.6059225512528473,266
Korce,Bashkia Korce,Korce,P-36501,0.38223938223938225,0.6205128205128205,121
Korce,Bashkia Korce,Korce,P-3688,0.3912429378531073,0.602996254681648,161
Korce,Bashkia Korce,Lekas,P-3712,0.3778110944527736,0.625,145
Korce,Bashkia Korce,Mollaj,P-41011,0.38392857142857145,0.654320987654321,106
Korce,Bashkia Korce,Mollaj,P-4105,0.3635097493036212,0.625,155
Korce,Bashkia Korce,Qender - Bulgarec,P-37361,0.6090534979423868,0.534965034965035,153
Korce,Bashkia Korce,Vithkuq,P-41071,0.5112179487179487,0.5791245791245792,172
Korce,Bashkia Korce,Voskop,P-3739,0.5880149812734082,0.5922330097087378,183
Korce,Bashkia Maliq,Libonik,P-3813,0.5234619395203337,0.6352201257861635,303
Korce,Bashkia Maliq,Libonik,P-3814,0.5033557046979866,0.6472602739726028,189
Korce,Bashkia Maliq,Libonik,P-3816,0.48914616497829233,0.658307210031348,210
Korce,Bashkia Maliq,Libonik,P-3823,0.48881239242685026,0.6091954022988506,159
Korce,Bashkia Maliq,Libonik,P-38231,0.4854771784232365,0.7354260089686099,164
Korce,Bashkia Maliq,Libonik,P-3824,0.46564102564102566,0.6146788990825688,268
Korce,Bashkia Maliq,Libonik,P-3825,0.5284552845528455,0.7219101123595506,257
Korce,Bashkia Maliq,Libonik,P-38281,0.5518672199170125,0.5708502024291497,141
Korce,Bashkia Maliq,Libonik,P-3829,0.5065359477124183,0.6059225512528473,266
Korce,Bashkia Maliq,Maliq,P-3830,0.5007012622720898,0.6024096385542169,200
Korce,Bashkia Maliq,Maliq,P-3832,0.3762677484787018,0.6068376068376068,213
Korce,Bashkia Maliq,Maliq,P-3834,0.3827751196172249,0.6810344827586207,158
Korce,Bashkia Maliq,Maliq,P-38341,0.46050420168067224,0.6937984496124031,179
Korce,Bashkia Maliq,Maliq,P-3835,0.5049261083743842,0.5948717948717949,232
Korce,Bashkia Maliq,Maliq,P-3836,0.4857142857142857,0.6919831223628692,164
Korce,Bashkia Maliq,Moglice,P-3840,0.4962025316455696,0.6983240223463687,125
Korce,Bashkia Maliq,Moglice,P-3852,0.5261538461538462,0.6024844720496895,97
Korce,Bashkia Maliq,Pirg,P-3858,0.6186868686868687,0.5130434782608696,118
Korce,Bashkia Maliq,Pirg,P-3867,0.5720930232558139,0.5726495726495726,134
Korce,Bashkia Maliq,Pirg,P-3868,0.6183699870633894,0.5875831485587583,265
Korce,Bashkia Maliq,Pojan,P-3771,0.5676567656765676,0.6826347305389222,114
Korce,Bashkia Maliq,Pojan,P-3776,0.6172839506172839,0.4981684981684982,136
Korce,Bashkia Maliq,Vreshtas,P-37931,0.6059957173447538,0.5137254901960784,131
Korce,Bashkia Pogradec,Bucimas,P-3874,0.5111896348645465,0.571072319201995,229
Korce,Bashkia Pogradec,Bucimas,P-3875,0.5989159891598916,0.5,102
Korce,Bashkia Pogradec,Cerrave,P-3912,0.6063157894736843,0.47104247104247104,244
Korce,Bashkia Pogradec,Dardhas,P-3923,0.610705596107056,0.4928909952606635,104
Korce,Bashkia Pogradec,Pogradec,P-38892,0.3646322378716745,0.6018518518518519,130
Korce,Bashkia Pogradec,Pogradec,P-38901,0.47619047619047616,0.6228373702422145,180
Korce,Bashkia Pogradec,Pogradec,P-38912,0.4098360655737705,0.6050420168067226,144
Korce,Bashkia Pogradec,Pogradec,P-38991,0.41379310344827586,0.6157205240174672,141
Korce,Bashkia Pogradec,Pogradec,P-39021,0.4568854568854569,0.6253687315634219,212
Korce,Bashkia Pogradec,Pogradec,P-39031,0.424,0.6386138613861386,129
Korce,Bashkia Pogradec,Proptisht,P-3940,0.5145929339477726,0.7166123778501629,220
Korce,Bashkia Pogradec,Proptisht,P-3941,0.4573170731707317,0.6094527363184079,245
Korce,Bashkia Pogradec,Proptisht,P-3945,0.5094066570188133,0.6265060240963856,208
Korce,Bashkia Pogradec,Proptisht,P-3947,0.528554070473876,0.5846153846153846,228
Korce,Bashkia Pogradec,Trebinje,P-3954,0.5873925501432665,0.5082872928176796,92
Korce,Bashkia Pogradec,Udenisht,P-3938,0.5257903494176372,0.5993031358885017,172
Korce,Bashkia Pogradec,Udenisht,P-39381,0.5587248322147651,0.6504854368932039,201
Korce,Bashkia Pogradec,Velcan,P-3970,0.5406360424028268,0.5902255639097744,157
Korce,Bashkia Pogradec,Velcan,P-3972,0.5610687022900763,0.6075471698113207,161
Korce,Bashkia Pustec,Pustec,P-3761,0.4359430604982206,0.6680672268907563,159
Korce,Bashkia Pustec,Pustec,P-3763,0.39622641509433965,0.6153846153846154,88
Tirane,Bashkia Kamez,Kamez,P-1567,0.5248407643312102,0.5776081424936387,227
Tirane,Bashkia Kamez,Kamez,P-15671,0.5094339622641509,0.5966850828729282,216
Tirane,Bashkia Kamez,Kamez,P-1570,0.5286713286713287,0.6204986149584487,224
Tirane,Bashkia Kamez,Kamez,P-15701,0.4315937940761636,0.6794425087108014,195
Tirane,Bashkia Kamez,Paskuqan,P-2041,0.5816203143893591,0.48337028824833705,218
Tirane,Bashkia Kamez,Paskuqan,P-20413,0.5716034271725826,0.4786516853932584,213
Tirane,Bashkia Kavaje,Golem (TR),P-21221,0.5082872928176796,0.5836431226765799,157
Tirane,Bashkia Kavaje,Golem (TR),P-2128,0.3840985442329227,0.6338461538461538,206
Tirane,Bashkia Kavaje,Golem (TR),P-2132,0.3969631236442516,0.6077348066298343,110
Tirane,Bashkia Kavaje,Kavaje,P-2193,0.3228346456692913,0.64375,103
Tirane,Bashkia Rrogozhine,Gose,P-22001,0.43887775551102204,0.6116504854368932,126
Tirane,Bashkia Rrogozhine,Kryevidh,P-2149,0.3010204081632653,0.6106194690265486,69
Tirane,Bashkia Rrogozhine,Rrogozhine,P-2227,0.3721973094170404,0.6317460317460317,199
Tirane,Bashkia Rrogozhine,Rrogozhine,P-22271,0.35771276595744683,0.601593625498008,151
Tirane,Bashkia Rrogozhine,Rrogozhine,P-22281,0.41304347826086957,0.615,123
Tirane,Bashkia Rrogozhine,Rrogozhine,P-22291,0.3704414587332054,0.6417112299465241,120
Tirane,Bashkia Rrogozhine,Rrogozhine,P-2231,0.4846715328467153,0.6805111821086262,213
Tirane,Bashkia Rrogozhine,Rrogozhine,P-2232,0.4949748743718593,0.6459459459459459,239
Tirane,Bashkia Tirane,Baldushk,P-2076,0.5981981981981982,0.5191082802547771,163
Tirane,Bashkia Tirane,Berzhite,P-1608,0.552833078101072,0.5953757225433526,206
Tirane,Bashkia Tirane,Berzhite,P-16081,0.5634095634095634,0.6431372549019608,164
Tirane,Bashkia Tirane,Dajt,P-161511,0.591728525980912,0.5092250922509225,276
Tirane,Bashkia Tirane,Dajt,P-1624,0.5794871794871795,0.6363636363636364,133
Tirane,Bashkia Tirane,Kashar,P-1530,0.5997732426303855,0.5975359342915811,291
Tirane,Bashkia Tirane,Kashar,P-1538,0.5747474747474748,0.5267034990791897,286
Tirane,Bashkia Tirane,Kashar,P-1539,0.6123399301513388,0.5060240963855421,252
Tirane,Bashkia Tirane,Kashar,P-15391,0.6101694915254238,0.5407239819004525,239
Tirane,Bashkia Tirane,Kashar,P-1543,0.5942684766214178,0.4946236559139785,184
Tirane,Bashkia Tirane,Kashar,P-1544,0.5695121951219512,0.5771028037383178,247
Tirane,Bashkia Tirane,Krrabe,P-1629,0.5279187817258884,0.7491749174917491,227
Tirane,Bashkia Tirane,Krrabe,P-1630,0.598937583001328,0.6906474820143885,288
Tirane,Bashkia Tirane,Ndroq,P-2086,0.5197505197505198,0.6483050847457628,153
Tirane,Bashkia Tirane,Ndroq,P-2092,0.480546792849632,0.6059907834101382,263
Tirane,Bashkia Tirane,Ndroq,P-2096,0.6058558558558559,0.5776892430278885,145
Tirane,Bashkia Tirane,Ndroq,P-2097,0.5238095238095238,0.5792682926829268,95
Tirane,Bashkia Tirane,Tirane - Njesia Nr.1,P-1681,0.5805128205128205,0.503690036900369,273
Tirane,Bashkia Tirane,Tirane - Njesia Nr.1,P-16821,0.5284974093264249,0.6317135549872123,247
Tirane,Bashkia Tirane,Tirane - Njesia Nr.1,P-16891,0.590293453724605,0.556640625,285
Tirane,Bashkia Tirane,Tirane - Njesia Nr.1,P-16892,0.5963718820861678,0.6106719367588933,309
Tirane,Bashkia Tirane,Tirane - Njesia Nr.1,P-16921,0.4790764790764791,0.60625,194
Tirane,Bashkia Tirane,Tirane - Njesia Nr.1,P-16991,0.5721040189125296,0.4911504424778761,222
Tirane,Bashkia Tirane,Tirane - Njesia Nr.1,P-16993,0.5959849435382685,0.5324074074074074,230
Tirane,Bashkia Tirane,Tirane - Njesia Nr.1,P-1700,0.5346733668341709,0.5802707930367504,300
Tirane,Bashkia Tirane,Tirane - Njesia Nr.1,P-17041,0.6198830409356725,0.49498997995991983,247
Tirane,Bashkia Tirane,Tirane - Njesia Nr.1,P-17042,0.5847953216374269,0.48218029350104824,230
Tirane,Bashkia Tirane,Tirane - Njesia Nr.1,P-17043,0.6035294117647059,0.5343035343035343,257
Tirane,Bashkia Tirane,Tirane - Njesia Nr.1,P-1705,0.6060606060606061,0.6089965397923875,352
Tirane,Bashkia Tirane,Tirane - Njesia Nr.1,P-1706,0.616551724137931,0.5958429561200924,258
Tirane,Bashkia Tirane,Tirane - Njesia Nr.1,P-1707,0.6170454545454546,0.5444015444015444,282
Tirane,Bashkia Tirane,Tirane - Njesia Nr.1,P-17071,0.6191588785046729,0.582,291
Tirane,Bashkia Tirane,Tirane - Njesia Nr.10,P-1981,0.6062271062271062,0.5015197568389058,165
Tirane,Bashkia Tirane,Tirane - Njesia Nr.10,P-1985,0.5022421524663677,0.6193693693693694,275
Tirane,Bashkia Tirane,Tirane - Njesia Nr.11,P-2000,0.5025536261491318,0.5714285714285714,272
Tirane,Bashkia Tirane,Tirane - Njesia Nr.11,P-2004,0.6158868335146899,0.4797794117647059,261
Tirane,Bashkia Tirane,Tirane - Njesia Nr.11,P-20081,0.5445205479452054,0.6058631921824105,186
Tirane,Bashkia Tirane,Tirane - Njesia Nr.11,P-20241,0.5300462249614792,0.5981308411214953,192
Tirane,Bashkia Tirane,Tirane - Njesia Nr.11,P-2027,0.6091603053435114,0.6026666666666667,226
Tirane,Bashkia Tirane,Tirane - Njesia Nr.11,P-20271,0.5826612903225806,0.48363636363636364,133
Tirane,Bashkia Tirane,Tirane - Njesia Nr.11,P-2029,0.5634178905206942,0.5862068965517241,238
Tirane,Bashkia Tirane,Tirane - Njesia Nr.2,P-17111,0.5457627118644067,0.5772870662460567,183
Tirane,Bashkia Tirane,Tirane - Njesia Nr.2,P-17141,0.5764102564102564,0.5200729927007299,285
Tirane,Bashkia Tirane,Tirane - Njesia Nr.2,P-1726,0.610831234256927,0.5309168443496801,249
Tirane,Bashkia Tirane,Tirane - Njesia Nr.2,P-1729,0.5571095571095571,0.610752688172043,284
Tirane,Bashkia Tirane,Tirane - Njesia Nr.2,P-17291,0.5647607934655776,0.6106382978723405,287
Tirane,Bashkia Tirane,Tirane - Njesia Nr.2,P-17292,0.5817535545023697,0.558091286307054,269
Tirane,Bashkia Tirane,Tirane - Njesia Nr.2,P-17302,0.5875706214689266,0.48292682926829267,198
Tirane,Bashkia Tirane,Tirane - Njesia Nr.2,P-17371,0.5982905982905983,0.5101289134438306,277
Tirane,Bashkia Tirane,Tirane - Njesia Nr.3,P-17511,0.5330132052821128,0.5898617511520737,256
Tirane,Bashkia Tirane,Tirane - Njesia Nr.3,P-1752,0.5763888888888888,0.5230769230769231,170
Tirane,Bashkia Tirane,Tirane - Njesia Nr.3,P-1754,0.5034867503486751,0.5885714285714285,206
Tirane,Bashkia Tirane,Tirane - Njesia Nr.3,P-17541,0.4796380090497738,0.6650485436893204,137
Tirane,Bashkia Tirane,Tirane - Njesia Nr.3,P-1760,0.5733197556008147,0.47454545454545455,261
Tirane,Bashkia Tirane,Tirane - Njesia Nr.3,P-17611,0.6056034482758621,0.4981203007518797,265
Tirane,Bashkia Tirane,Tirane - Njesia Nr.3,P-1762,0.6,0.5274102079395085,279
Tirane,Bashkia Tirane,Tirane - Njesia Nr.3,P-1773,0.4984472049689441,0.635483870967742,197
Tirane,Bashkia Tirane,Tirane - Njesia Nr.3,P-1775,0.4834905660377358,0.6277915632754343,253
Tirane,Bashkia Tirane,Tirane - Njesia Nr.4,P-1785,0.5997392438070405,0.5033557046979866,225
Tirane,Bashkia Tirane,Tirane - Njesia Nr.4,P-1798,0.5168393782383419,0.5880829015544041,227
Tirane,Bashkia Tirane,Tirane - Njesia Nr.4,P-17981,0.5488029465930019,0.5923344947735192,170
Tirane,Bashkia Tirane,Tirane - Njesia Nr.4,P-1800,0.3761194029850746,0.6446280991735537,156
Tirane,Bashkia Tirane,Tirane - Njesia Nr.4,P-18031,0.5716180371352785,0.5123152709359606,208
Tirane,Bashkia Tirane,Tirane - Njesia Nr.4,P-1808,0.516867469879518,0.5956937799043063,249
Tirane,Bashkia Tirane,Tirane - Njesia Nr.4,P-18081,0.4453004622496148,0.6035714285714285,169
Tirane,Bashkia Tirane,Tirane - Njesia Nr.4,P-18102,0.46886446886446886,0.606425702811245,151
Tirane,Bashkia Tirane,Tirane - Njesia Nr.4,P-18132,0.592948717948718,0.4971857410881801,265
Tirane,Bashkia Tirane,Tirane - Njesia Nr.5,P-18161,0.5951704545454546,0.5351089588377724,221
Tirane,Bashkia Tirane,Tirane - Njesia Nr.5,P-1817,0.6048780487804878,0.5080645161290323,126
Tirane,Bashkia Tirane,Tirane - Njesia Nr.5,P-1820,0.5961251862891207,0.5692307692307692,222
Tirane,Bashkia Tirane,Tirane - Njesia Nr.5,P-1821,0.5487106017191977,0.5737265415549598,214
Tirane,Bashkia Tirane,Tirane - Njesia Nr.5,P-1823,0.5250255362614913,0.5779092702169625,293
Tirane,Bashkia Tirane,Tirane - Njesia Nr.5,P-1827,0.607035175879397,0.5428571428571428,323
Tirane,Bashkia Tirane,Tirane - Njesia Nr.5,P-18271,0.5777027027027027,0.5653923541247485,281
Tirane,Bashkia Tirane,Tirane - Njesia Nr.5,P-18272,0.6071428571428571,0.5193482688391039,255
Tirane,Bashkia Tirane,Tirane - Njesia Nr.5,P-1828,0.5630252100840336,0.579746835443038,229
Tirane,Bashkia Tirane,Tirane - Njesia Nr.5,P-18301,0.5657311669128509,0.5925925925925926,224
Tirane,Bashkia Tirane,Tirane - Njesia Nr.5,P-18312,0.5771276595744681,0.5871121718377088,246
Tirane,Bashkia Tirane,Tirane - Njesia Nr.5,P-1832,0.5759717314487632,0.501577287066246,159
Tirane,Bashkia Tirane,Tirane - Njesia Nr.5,P-1834,0.6040428061831153,0.5109780439121756,256
Tirane,Bashkia Tirane,Tirane - Njesia Nr.5,P-18341,0.6034985422740525,0.5831265508684863,235
Tirane,Bashkia Tirane,Tirane - Njesia Nr.5,P-1835,0.6081081081081081,0.4935064935064935,152
Tirane,Bashkia Tirane,Tirane - Njesia Nr.5,P-18351,0.609504132231405,0.5333333333333333,152
Tirane,Bashkia Tirane,Tirane - Njesia Nr.5,P-1840,0.5993189557321226,0.49019607843137253,250
Tirane,Bashkia Tirane,Tirane - Njesia Nr.5,P-18401,0.5257731958762887,0.5782828282828283,229
Tirane,Bashkia Tirane,Tirane - Njesia Nr.5,P-1841,0.5827922077922078,0.47953216374269003,164
Tirane,Bashkia Tirane,Tirane - Njesia Nr.5,P-18441,0.5983772819472617,0.5544041450777202,321
Tirane,Bashkia Tirane,Tirane - Njesia Nr.5,P-18443,0.6153061224489796,0.5544217687074829,326
Tirane,Bashkia Tirane,Tirane - Njesia Nr.5,P-18458,0.6195426195426196,0.5162393162393163,302
Tirane,Bashkia Tirane,Tirane - Njesia Nr.5,P-1848,0.5920138888888888,0.5395894428152492,184
Tirane,Bashkia Tirane,Tirane - Njesia Nr.5,P-18481,0.6182170542635659,0.4768211920529801,144
Tirane,Bashkia Tirane,Tirane - Njesia Nr.5,P-18491,0.5685210312075983,0.5742574257425742,232
Tirane,Bashkia Tirane,Tirane - Njesia Nr.5,P-18521,0.5717131474103586,0.5144927536231884,142
Tirane,Bashkia Tirane,Tirane - Njesia Nr.5,P-18541,0.5753424657534246,0.5222772277227723,211
Tirane,Bashkia Tirane,Tirane - Njesia Nr.5,P-1855,0.5860215053763441,0.5643939393939394,298
Tirane,Bashkia Tirane,Tirane - Njesia Nr.6,P-18571,0.5234270414993306,0.579088471849866,216
Tirane,Bashkia Tirane,Tirane - Njesia Nr.6,P-1860,0.4444444444444444,0.6679245283018868,177
Tirane,Bashkia Tirane,Tirane - Njesia Nr.6,P-18601,0.45438898450946646,0.6381322957198443,164
Tirane,Bashkia Tirane,Tirane - Njesia Nr.6,P-1863,0.4644607843137255,0.6301369863013698,230
Tirane,Bashkia Tirane,Tirane - Njesia Nr.6,P-1864,0.5025125628140703,0.6344827586206897,184
Tirane,Bashkia Tirane,Tirane - Njesia Nr.6,P-18641,0.5627240143369175,0.654485049833887,197
Tirane,Bashkia Tirane,Tirane - Njesia Nr.6,P-18662,0.5842245989304813,0.5639810426540285,238
Tirane,Bashkia Tirane,Tirane - Njesia Nr.6,P-1868,0.4847715736040609,0.6341463414634146,234
Tirane,Bashkia Tirane,Tirane - Njesia Nr.6,P-18681,0.4648786717752235,0.6179775280898876,220
Tirane,Bashkia Tirane,Tirane - Njesia Nr.6,P-1870,0.615866388308977,0.612280701754386,349
Tirane,Bashkia Tirane,Tirane - Njesia Nr.6,P-1871,0.5122302158273381,0.6158357771260997,210
Tirane,Bashkia Tirane,Tirane - Njesia Nr.6,P-1874,0.5694117647058824,0.6203904555314533,286
Tirane,Bashkia Tirane,Tirane - Njesia Nr.6,P-18741,0.5848329048843187,0.6244239631336406,271
Tirane,Bashkia Tirane,Tirane - Njesia Nr.6,P-18742,0.5714285714285714,0.570264765784114,280
Tirane,Bashkia Tirane,Tirane - Njesia Nr.6,P-18743,0.5722610722610723,0.5107296137339056,238
Tirane,Bashkia Tirane,Tirane - Njesia Nr.6,P-18751,0.6176142697881828,0.5764925373134329,309
Tirane,Bashkia Tirane,Tirane - Njesia Nr.6,P-18762,0.5740987983978638,0.6337349397590362,263
Tirane,Bashkia Tirane,Tirane - Njesia Nr.6,P-1879,0.5514511873350924,0.6060606060606061,240
Tirane,Bashkia Tirane,Tirane - Njesia Nr.6,P-18793,0.58269720101781175,0.5588235294117647,247
Tirane,Bashkia Tirane,Tirane - Njesia Nr.7,P-1885,0.5809217577706324,0.5590994371482176,298
Tirane,Bashkia Tirane,Tirane - Njesia Nr.7,P-18871,0.590027700831025,0.4843373493975904,201
Tirane,Bashkia Tirane,Tirane - Njesia Nr.7,P-1888,0.5973884657236126,0.5121495327102804,274
Tirane,Bashkia Tirane,Tirane - Njesia Nr.7,P-18881,0.6041909196740396,0.5069033530571992,257
Tirane,Bashkia Tirane,Tirane - Njesia Nr.7,P-18901,0.6194477791116446,0.49206349206349204,248
Tirane,Bashkia Tirane,Tirane - Njesia Nr.7,P-1896,0.5802845528455285,0.5577617328519856,309
Tirane,Bashkia Tirane,Tirane - Njesia Nr.7,P-19022,0.5676923076923077,0.5722222222222222,206
Tirane,Bashkia Tirane,Tirane - Njesia Nr.7,P-1905,0.612565445026178,0.5362318840579711,185
Tirane,Bashkia Tirane,Tirane - Njesia Nr.7,P-1909,0.5709876543209876,0.5193370165745856,282
Tirane,Bashkia Tirane,Tirane - Njesia Nr.7,P-19181,0.5846153846153846,0.47357293868921774,224
Tirane,Bashkia Tirane,Tirane - Njesia Nr.7,P-19184,0.6120358514724712,0.4881720430107527,227
Tirane,Bashkia Tirane,Tirane - Njesia Nr.7,P-1919,0.601272534464475,0.5148698884758365,277
Tirane,Bashkia Tirane,Tirane - Njesia Nr.8,P-1923,0.5836734693877551,0.4728132387706856,200
Tirane,Bashkia Tirane,Tirane - Njesia Nr.8,P-1927,0.5846925972396487,0.5021739130434782,231
Tirane,Bashkia Tirane,Tirane - Njesia Nr.9,P-19603,0.5796178343949044,0.49065420560747663,210
Tirane,Bashkia Tirane,Tirane - Njesia Nr.9,P-1965,0.5723951285520974,0.5,205
Tirane,Bashkia Tirane,Tirane - Njesia Nr.9,P-19681,0.5821371610845295,0.48732394366197185,173
Tirane,Bashkia Tirane,Tirane - Njesia Nr.9,P-19711,0.5943204868154158,0.5156794425087108,148
Tirane,Bashkia Tirane,Vaqarr,P-2114,0.5734767025089605,0.5326460481099656,155
Tirane,Bashkia Tirane,Zall Herr,P-2056,0.5850622406639004,0.5310880829015544,205
Tirane,Bashkia Tirane,Zall Herr,P-20562,0.5917065390749602,0.5323529411764706,181
Tirane,Bashkia Tirane,Zall Herr,P-2057,0.5838218053927315,0.555793991416309,259
Tirane,Bashkia Tirane,Zall Herr,P-2058,0.5520421607378129,0.6365979381443299,247
Tirane,Bashkia Vore,Berxull,P-2035,0.5789473684210527,0.49107142857142855,165
Tirane,Bashkia Vore,Preze,P-1545,0.5207317073170732,0.5771144278606966,232
Tirane,Bashkia Vore,Preze,P-1546,0.5527156549520766,0.6202020202020202,307
Tirane,Bashkia Vore,Preze,P-15461,0.5201465201465202,0.571969696969697,151
Tirane,Bashkia Vore,Preze,P-1547,0.5540679711637487,0.642578125,329
Tirane,Bashkia Vore,Preze,P-15471,0.5249457700650759,0.6377118644067796,301
Tirane,Bashkia Vore,Preze,P-1549,0.5747126436781609,0.6382978723404256,150
Tirane,Bashkia Vore,Vore,P-1550,0.45010845986984815,0.6756756756756757,275
Tirane,Bashkia Vore,Vore,P-15511,0.5904907975460123,0.5524861878453039,200
Tirane,Bashkia Vore,Vore,P-1553,0.5163511187607573,0.6140350877192983,175
Tirane,Bashkia Vore,Vore,P-15531,0.565843621399177,0.59375,152
Tirane,Bashkia Vore,Vore,P-1555,0.5193434935521688,0.625,265
Tirane,Bashkia Vore,Vore,P-15551,0.5348432055749129,0.6059602649006622,183
Tirane,Bashkia Vore,Vore,P-1556,0.43577235772357725,0.7297297297297297,189
Tirane,Bashkia Vore,Vore,P-15561,0.45510204081632655,0.6698113207547169,142
Tirane,Bashkia Vore,Vore,P-1557,0.49038461538461536,0.6623711340206185,257
Tirane,Bashkia Vore,Vore,P-15571,0.540453074433657,0.625,195
Tirane,Bashkia Vore,Vore,P-1558,0.5973715651135006,0.638477801268499,302
Tirane,Bashkia Vore,Vore,P-15581,0.5491143317230274,0.7066246056782335,224
Tirane,Bashkia Vore,Vore,P-1559,0.49078947368421055,0.6722222222222223,242
Tirane,Bashkia Vore,Vore,P-1561,0.5538922155688623,0.5835694050991501,206
Tirane,Bashkia Vore,Vore,P-15611,0.5836653386454184,0.5602836879432624,158
Tirane,Bashkia Vore,Vore,P-1562,0.5846325167037862,0.526,263
Tirane,Bashkia Vore,Vore,P-15621,0.5856164383561644,0.5217391304347826,168
Tirane,Bashkia Vore,Vore,P-1563,0.5309734513274337,0.6353790613718412,176
Vlore,Bashkia Delvine,Delvine,P-4614,0.5764705882352941,0.5108695652173914,94
Vlore,Bashkia Delvine,Delvine,P-4618,0.3536231884057971,0.6111111111111112,143
Vlore,Bashkia Delvine,Vergo,P-4649,0.5854430379746836,0.6440677966101694,114
Vlore,Bashkia Delvine,Vergo,P-4654,0.31910352187833513,0.6267605633802817,178
Vlore,Bashkia Finiq,Livadhja,P-4720,0.6084142394822006,0.5082872928176796,92
Vlore,Bashkia Himare,Hore Vranisht,P-4595,0.5801354401805869,0.6979591836734694,171
Vlore,Bashkia Himare,Lukove,P-4569,0.3039647577092511,0.6996197718631179,184
Vlore,Bashkia Konispol,Konispol,P-4708,0.45124282982791586,0.6133333333333333,138
Vlore,Bashkia Konispol,Markat,P-4726,0.3130252100840336,0.6122448979591837,90
Vlore,Bashkia Sarande,Sarande,P-4664,0.32287449392712553,0.6032786885245902,184
Vlore,Bashkia Sarande,Sarande,P-46651,0.30558375634517765,0.6041666666666666,174
Vlore,Bashkia Sarande,Sarande,P-46691,0.3565217391304348,0.6468085106382979,152
Vlore,Bashkia Sarande,Sarande,P-4675,0.46466809421841543,0.6014492753623188,249
Vlore,Bashkia Selenice,Armen,P-4520,0.40963855421686746,0.6577380952380952,221
Vlore,Bashkia Selenice,Armen,P-45211,0.34290540540540543,0.7061855670103093,137
Vlore,Bashkia Selenice,Armen,P-4523,0.45707656612529,0.6571428571428571,115
Vlore,Bashkia Selenice,Brataj,P-4577,0.4357298474945534,0.6649214659685864,127
Vlore,Bashkia Selenice,Brataj,P-4578,0.45454545454545453,0.6331360946745562,107
Vlore,Bashkia Selenice,Kote,P-4601,0.3390728476821192,0.6475409836065574,158
Vlore,Bashkia Selenice,Kote,P-4608,0.43544857768052514,0.6632124352331606,128
Vlore,Bashkia Selenice,Kote,P-4610,0.47514619883040937,0.7115384615384616,222
Vlore,Bashkia Selenice,Kote,P-4612,0.41325966850828727,0.7282913165266106,260
Vlore,Bashkia Selenice,Selenice,P-4528,0.34054669703872437,0.6035714285714285,169
Vlore,Bashkia Selenice,Selenice,P-45281,0.3187311178247734,0.6157894736842106,117
Vlore,Bashkia Selenice,Vllahine,P-4549,0.33978494623655914,0.6357142857142857,89
Vlore,Bashkia Selenice,Vllahine,P-4553,0.42911877394636017,0.6842105263157895,143
Vlore,Bashkia Selenice,Vllahine,P-4557,0.46681175190424373,0.6368038740920097,263
Vlore,Bashkia Vlore,Novosele (VL),P-4401,0.3542354235423542,0.6721311475409836,205
Vlore,Bashkia Vlore,Novosele (VL),P-4402,0.36823104693140796,0.680628272251309,130
Vlore,Bashkia Vlore,Novosele (VL),P-4406,0.3073825503355705,0.6986301369863014,153
Vlore,Bashkia Vlore,Novosele (VL),P-44071,0.37846655791190864,0.6063348416289592,134
Vlore,Bashkia Vlore,Orikum,P-45111,0.37019969278033793,0.6508620689655172,151
Vlore,Bashkia Vlore,Orikum,P-45112,0.3894899536321484,0.6075949367088608,144
Vlore,Bashkia Vlore,Orikum,P-45151,0.3932853717026379,0.6089743589743589,95
Vlore,Bashkia Vlore,Orikum,P-45161,0.35073068893528186,0.7467532467532467,115
Vlore,Bashkia Vlore,Orikum,P-4517,0.4736297828335057,0.60381861575179,253
Vlore,Bashkia Vlore,Qender - Vlore,P-4419,0.4348422496570645,0.6644736842105263,202
Vlore,Bashkia Vlore,Qender - Vlore,P-44191,0.4073529411764706,0.685823754789272,179
Vlore,Bashkia Vlore,Qender - Vlore,P-4423,0.4693200663349917,0.6474820143884892,180
Vlore,Bashkia Vlore,Qender - Vlore,P-4426,0.38408304498269896,0.6666666666666666,142
Vlore,Bashkia Vlore,Shushice,P-4541,0.3876889848812095,0.6539589442815249,223
Vlore,Bashkia Vlore,Shushice,P-4547,0.3641703377386197,0.7196652719665272,172
Vlore,Bashkia Vlore,Shushice,P-45471,0.3294289897510981,0.7201834862385321,157
Vlore,Bashkia Vlore,Vlore,P-4427,0.4019396551724138,0.6027777777777777,217
Vlore,Bashkia Vlore,Vlore,P-44301,0.3722438391699092,0.64,176
Vlore,Bashkia Vlore,Vlore,P-4433,0.3453333333333333,0.6209677419354839,154
Vlore,Bashkia Vlore,Vlore,P-4440,0.3683673469387755,0.6085714285714285,213
Vlore,Bashkia Vlore,Vlore,P-44401,0.3545197740112994,0.6074380165289256,147
Vlore,Bashkia Vlore,Vlore,P-4445,0.3802469135802469,0.6006711409395973,179
Vlore,Bashkia Vlore,Vlore,P-44461,0.40437158469945356,0.6320754716981132,134
Vlore,Bashkia Vlore,Vlore,P-4449,0.428743961352657,0.641399416909621,220
Vlore,Bashkia Vlore,Vlore,P-44491,0.42391304347826086,0.6126126126126126,136
Vlore,Bashkia Vlore,Vlore,P-44501,0.3967611336032389,0.6058981233243967,226
Vlore,Bashkia Vlore,Vlore,P-4452,0.44036697247706424,0.6014234875444839,169
Vlore,Bashkia Vlore,Vlore,P-44521,0.45454545454545453,0.6747572815533981,139
Vlore,Bashkia Vlore,Vlore,P-4453,0.47731755424063116,0.602510460251046,144
Vlore,Bashkia Vlore,Vlore,P-4454,0.4015659955257271,0.6947674418604651,239
Vlore,Bashkia Vlore,Vlore,P-44551,0.37980241492864986,0.6029850746268657,202
Vlore,Bashkia Vlore,Vlore,P-44552,0.4108170310701956,0.672463768115942,232
Vlore,Bashkia Vlore,Vlore,P-44591,0.39660056657223797,0.6185185185185185,167
Vlore,Bashkia Vlore,Vlore,P-44592,0.3451202263083451,0.6419213973799127,147
Vlore,Bashkia Vlore,Vlore,P-4460,0.3718220338983051,0.6588921282798834,226
Vlore,Bashkia Vlore,Vlore,P-44602,0.3481848184818482,0.6490384615384616,135
Vlore,Bashkia Vlore,Vlore,P-4461,0.48392282958199356,0.6891891891891891,204
Vlore,Bashkia Vlore,Vlore,P-4462,0.36942675159235666,0.6227544910179641,208
Vlore,Bashkia Vlore,Vlore,P-44621,0.3291731669266771,0.6764705882352942,138
Vlore,Bashkia Vlore,Vlore,P-4463,0.32570239334027057,0.7049180327868853,215
Vlore,Bashkia Vlore,Vlore,P-4464,0.46016260162601624,0.6739130434782609,186
Vlore,Bashkia Vlore,Vlore,P-4465,0.47863247863247865,0.6268656716417911,168
Vlore,Bashkia Vlore,Vlore,P-4466,0.40311004784689,0.6380368098159509,208
Vlore,Bashkia Vlore,Vlore,P-4468,0.3920570264765784,0.6532258064516129,243
Vlore,Bashkia Vlore,Vlore,P-4469,0.5418454935622318,0.6209677419354839,308
Vlore,Bashkia Vlore,Vlore,P-4470,0.4725274725274725,0.6666666666666666,248
Vlore,Bashkia Vlore,Vlore,P-4471,0.5997357992073976,0.5522727272727272,243
Vlore,Bashkia Vlore,Vlore,P-4472,0.5303186022610483,0.6620825147347741,337
Vlore,Bashkia Vlore,Vlore,P-4473,0.5548281505728314,0.7021276595744681,231
Vlore,Bashkia Vlore,Vlore,P-4474,0.40618101545253865,0.6927374301675978,248
Vlore,Bashkia Vlore,Vlore,P-44741,0.3667763157894737,0.6438356164383562,141
Vlore,Bashkia Vlore,Vlore,P-4475,0.37158469945355194,0.7037037037037037,133
Vlore,Bashkia Vlore,Vlore,P-44751,0.3883720930232558,0.6424242424242425,106
Vlore,Bashkia Vlore,Vlore,P-4476,0.4631979695431472,0.6807909604519774,241
Vlore,Bashkia Vlore,Vlore,P-4477,0.436036036036036,0.6223175965665236,145
Vlore,Bashkia Vlore,Vlore,P-44771,0.36863543788187375,0.6918604651162791,119
Vlore,Bashkia Vlore,Vlore,P-4478,0.44290123456790126,0.6044776119402985,162
Vlore,Bashkia Vlore,Vlore,P-4481,0.4370860927152318,0.6733870967741935,167
Vlore,Bashkia Vlore,Vlore,P-44821,0.3952164009111617,0.6194690265486725,210
Vlore,Bashkia Vlore,Vlore,P-4483,0.45358649789029537,0.6253041362530414,257
Vlore,Bashkia Vlore,Vlore,P-44832,0.46405228758169936,0.6783625730994152,232
Vlore,Bashkia Vlore,Vlore,P-4484,0.41657077100115075,0.6234939759036144,207
Vlore,Bashkia Vlore,Vlore,P-44841,0.3486682808716707,0.6692015209125475,176
Vlore,Bashkia Vlore,Vlore,P-4485,0.37552301255230125,0.698005698005698,245
Vlore,Bashkia Vlore,Vlore,P-44851,0.3598130841121495,0.6666666666666666,140
Vlore,Bashkia Vlore,Vlore,P-44871,0.42671394799054374,0.6246418338108882,218
Vlore,Bashkia Vlore,Vlore,P-44911,0.44569288389513106,0.6405529953917051,139
Vlore,Bashkia Vlore,Vlore,P-4492,0.4425287356321839,0.675603217158177,252
Vlore,Bashkia Vlore,Vlore,P-44921,0.42023346303501946,0.6161137440758294,130
Vlore,Bashkia Vlore,Vlore,P-4493,0.47277227722772275,0.6185286103542235,227
Vlore,Bashkia Vlore,Vlore,P-44931,0.5192307692307693,0.6116751269035533,241
Vlore,Bashkia Vlore,Vlore,P-4495,0.5124069478908189,0.5841584158415841,236
Vlore,Bashkia Vlore,Vlore,P-4496,0.3782654127481714,0.6514285714285715,228
Vlore,Bashkia Vlore,Vlore,P-4497,0.32220795892169446,0.6040816326530613,148
Vlore,Bashkia Vlore,Vlore,P-44971,0.3134920634920635,0.6217391304347826,143
Vlore,Bashkia Vlore,Vlore,P-44973,0.3115646258503401,0.6334841628959276,140
Vlore,Bashkia Vlore,Vlore,P-4498,0.3373639661426844,0.6568265682656826,178
Vlore,Bashkia Vlore,Vlore,P-4501,0.39145496535796764,0.6439628482972136,208
Vlore,Bashkia Vlore,Vlore,P-45011,0.38617401668653156,0.6096774193548387,189
Vlore,Bashkia Vlore,Vlore,P-45021,0.4056795131845842,0.6580310880829016,127
Vlore,Bashkia Vlore,Vlore,P-4504,0.4842319430315361,0.646551724137931,300
Vlore,Bashkia Vlore,Vlore,P-4505,0.4236024844720497,0.6269113149847095,205
Vlore,Bashkia Vlore,Vlore,P-45051,0.42296511627906974,0.6923076923076923,198
Vlore,Bashkia Vlore,Vlore,P-45052,0.38222222222222224,0.608,152
Vlore,Bashkia Vlore,Vlore,P-45061,0.35014836795252224,0.7149321266968326,158
Vlore,Bashkia Vlore,Vlore,P-45062,0.4667697063369397,0.7152777777777778,206
Vlore,Bashkia Vlore,Vlore,P-45092,0.3094059405940594,0.6285714285714286,154
Vlore,Bashkia Vlore,Vlore,P-4510,0.3865921787709497,0.6253687315634219,212
